  quieted for the run: uctest-mc-tester2 (idle clients still cost ~110% CPU each)

=========== RUN 1/6 ===========
[1] wait gamer-server rcon...
  [ok] gamer rcon
[2] connect bot to gamer-server...
  [ok] bot in game (gamer)
  [ok] world loaded (bot has a position)
[2b] reset to a known start (kill -> respawn -> empty -> heal -> day)...
  [ok] bot respawned
  paired A/B start: spiral #39  (held for the B arm)
  fresh start #39: -308 150 -539
  start has 84 log blocks within 40
  pair ground saved: -308 150 -539
  start pos: -307.5,78.0,-538.5 (pinned)
[3] tungsten-primary (SHIPPED DEFAULT) + @gamer...
  client fps before start: 16.0
  STAND FLAGS ON: allowBreak allowPlace avoidStuckAnvil avoidStuckFence barrenLockCountsAsFailure barrenStreakPerEntity botFpsNoIdleThrottle breakBanEscalates chaseUsesQueue closestPursuitHasBudget collectDropsBeforeTools combatMovementsEnabled combatReachControl combatRotatesEnabled combatSaverEnabled combatTriggerBotEnabled critReleasesSprint dropBudgetSurvivesTaskRebuild dropPursuitHasBudget emptyPathIsNotArrival enableNativeRotation enableParallelStreaming enablePitchChange entityCloseRangeWalk entitySearchMustMove entityWanderWhenNavRefuses fastBlockFirst followBlockPathFinderEnabled followJumpingEnabled gotoResumeNeedsRealTarget gridBfsRefusesCornerCut gridRouteMatchesQueueMoves guideDiesWithItsRelaxation legacyYieldsToWalker lockKeepsRouteWhileTargetStands navGroundCollisionCheck navStopOnTaskEnd navUsesQueue neverHandOffToLegacy pathAvoidsFallDamage planPlaceMoves planSnapsStartToSupport predictDamageFromBlocks queueClimbs queueDedupesRoute rerootMustExtendTheGuide resetPrefixNeedsMovement scanCheapTestFirst sleepNeedsAnObtainableBed stallCheckNeedsMovement toolsetYieldsToOre vanishedGuideSalvagesRoute verboseDebugLogging wanderKeepsWalkerKeys wanderUsesTungsten
  ARM B
  PIN unstuckWhenGoalButNoPath=true
  PIN VERIFIED unstuckWhenGoalButNoPath=true
  PIN unstuckWhenGoalButNoPath=false
  PIN RETRY 1 unstuckWhenGoalButNoPath=false
  PIN VERIFIED unstuckWhenGoalButNoPath=false
  shipped pathing flags: {'tungstenPrimary': True, 'ok': True}
  walker debug: {'r': "{'walkerDebug': True, 'ok': True}"}
  zero counters: {'r': "{'ok': True}"}
  start inv: {'nonEmpty': 0, 'items': 0, 'ids': []}
[4] watching 10.0 min for progress...
  TASK Description of current game pipeline that is selected: Current game tasks: Current Baritone executor task list (UserTaskChain task chain) | 1. Main task: <Beating the game (Miran version).> Priority: 410.00, Crafting Recipe{minecraft:stone_pickaxe} | 1.1. Subtasks: <Doing stuff in crafting_table container: [[stone_pickaxe]]>  |  -> | 1.1.0. <Doing stuff in crafting_table container>  |  -> | 1.1.1. <Collect Recipe Resources: {Recipe{minecraft:stone_pickaxe}}> Getting cobblestone x 3 |  -> | 1.1.2. <Collect minecraft:cobblestone: [[cobblestone] x 3]> Picking up |  -> | 1.1.3. <Pickup Dropped Items: [[cobblestone] x 3]>  |  -> | 1.1.4. <Approach entity entity.minecraft.item> Tungsten locked (18s left)
  RUNNER active=true | Chain: UserTaskChain, priority: 50.0 | Game Menu Chain(on=true,p=-Infinity) UserTaskChain(on=true,p=50.0) Mob Defense(on=true,p=0.0) Death Menu Respawn Handling(on=true,p=-Infinity) Hand Stack Fix Chain(on=true,p=-Infinity) MLG Water Bucket Fall Chain(on=true,p=-Infinity) Unstuck Chain
  RUNG 'crafting' at 22.7s
  RUNG 'wood tools' at 22.7s
  t=23s inGame=True hp=20.0 pos=-279.3,72.0,-536.8 items=3 busy=True d:pdEnter+0,mqStart+0,mqSteps+0,dbTick+0,rayMiss+0,leafCle+0
  TASK Description of current game pipeline that is selected: Current game tasks: Current Baritone executor task list (UserTaskChain task chain) | 1. Main task: <Beating the game (Miran version).> Priority: 410.00, Crafting Recipe{minecraft:stone_pickaxe} | 1.1. Subtasks: <Doing stuff in crafting_table container: [[stone_pickaxe]]>  |  -> | 1.1.0. <Doing stuff in crafting_table container>  |  -> | 1.1.1. <Collect Recipe Resources: {Recipe{minecraft:stone_pickaxe}}> Getting cobblestone x 3 |  -> | 1.1.2. <Collect minecraft:cobblestone: [[cobblestone] x 3]> Picking up |  -> | 1.1.3. <Pickup Dropped Items: [[cobblestone] x 3]>  |  -> | 1.1.4. <Approach entity entity.minecraft.item> Failed to get to target, wandering for a bit. |  -> | 1.1.5. <Wander for 5.0 blocks> Exploring.
  RUNNER active=true | Chain: UserTaskChain, priority: 50.0 | Game Menu Chain(on=true,p=-Infinity) UserTaskChain(on=true,p=50.0) Mob Defense(on=true,p=0.0) Death Menu Respawn Handling(on=true,p=-Infinity) Hand Stack Fix Chain(on=true,p=-Infinity) MLG Water Bucket Fall Chain(on=true,p=-Infinity) Unstuck Chain
  t=46s inGame=True hp=20.0 pos=-293.4,73.0,-511.3 items=3 busy=True d:pdEnter+0,mqStart+0,mqSteps+0,dbTick+0,rayMiss+0,leafCle+0
  TASK Description of current game pipeline that is selected: Current game tasks: Current Baritone executor task list (UserTaskChain task chain) | 1. Main task: <Beating the game (Miran version).> Priority: 410.00, Crafting Recipe{minecraft:stone_pickaxe} | 1.1. Subtasks: <Doing stuff in crafting_table container: [[stone_pickaxe]]>  |  -> | 1.1.0. <Doing stuff in crafting_table container>  |  -> | 1.1.1. <Collect Recipe Resources: {Recipe{minecraft:stone_pickaxe}}> Getting stick x 2 |  -> | 1.1.2. <Crafting 2 sticks: [[stick] x 2]>  |  -> | 1.1.3. <Craft 2x2 Task Recipe{minecraft:stick x 2}: [[stick] x 2]> Collecting materials |  -> | 1.1.4. <Collect Recipe Resources: {Recipe{minecraft:stick x 2}}> Getting planks x 2 |  -> | 1.1.5. <Crafting 2 planks [minecraft:acacia_planks, minecraft:birch_planks, minecraft:crimson_planks, minecraft:dark_oak_planks, minecraft:oak_planks, minecraft:jungle_planks, minecraft:spruce_planks, m... |  -> | 1.1.6. <Mine And Collect: [[acacia_log,birch_log,dark_oak_log,oak_log,jungle_log,spruce_log,acacia_wood,birch_wood,dark_oak_wood,oak_wood,jungle_wood,spruce_wood,stripped_acacia_log,stripped_birch_log,s... |  -> | 1.1.7. <Mining or Collecting> Trying out NEW pursuit |  -> | 1.1.8. <Destroy block at -292, 70, -494> Getting to block... |  -> | 1.1.9. <Getting to block class_2338{x=-292, y=70, z=-494}> Tungsten (primary) planning...
  TARGET (-292,70,-494) is {'hardness': '2.00', 'replaceable': 'false', 'block': '·Â∏ÁÓ‚ÓÂ ·Â‚ÌÓ', 'position': '-292, 70, -494', 'id': 'minecraft:birch_log', 'is_air': 'false'}
  RUNNER active=true | Chain: UserTaskChain, priority: 50.0 | Game Menu Chain(on=true,p=-Infinity) UserTaskChain(on=true,p=50.0) Mob Defense(on=true,p=0.0) Death Menu Respawn Handling(on=true,p=-Infinity) Hand Stack Fix Chain(on=true,p=-Infinity) MLG Water Bucket Fall Chain(on=true,p=-Infinity) Unstuck Chain
  t=70s inGame=True hp=20.0 pos=-291.6,70.0,-515.6 items=8 busy=True d:pdEnter+240,mqStart+0,mqSteps+0,dbTick+424,rayMiss+11,leafCle+118
  TASK Description of current game pipeline that is selected: Current game tasks: Current Baritone executor task list (UserTaskChain task chain) | 1. Main task: <Beating the game (Miran version).> Priority: 410.00, Crafting Recipe{minecraft:stone_pickaxe} | 1.1. Subtasks: <Doing stuff in crafting_table container: [[stone_pickaxe]]>  |  -> | 1.1.0. <Doing stuff in crafting_table container>  |  -> | 1.1.1. <Collect Recipe Resources: {Recipe{minecraft:stone_pickaxe}}> Getting stick x 2 |  -> | 1.1.2. <Crafting 2 sticks: [[stick] x 2]>  |  -> | 1.1.3. <Craft 2x2 Task Recipe{minecraft:stick x 2}: [[stick] x 2]> Collecting materials |  -> | 1.1.4. <Collect Recipe Resources: {Recipe{minecraft:stick x 2}}> Getting planks x 2 |  -> | 1.1.5. <Crafting 2 planks [minecraft:acacia_planks, minecraft:birch_planks, minecraft:crimson_planks, minecraft:dark_oak_planks, minecraft:oak_planks, minecraft:jungle_planks, minecraft:spruce_planks, m... |  -> | 1.1.6. <Mine And Collect: [[acacia_log,birch_log,dark_oak_log,oak_log,jungle_log,spruce_log,acacia_wood,birch_wood,dark_oak_wood,oak_wood,jungle_wood,spruce_wood,stripped_acacia_log,stripped_birch_log,s... |  -> | 1.1.7. <Mining or Collecting> Trying out NEW pursuit |  -> | 1.1.8. <Destroy block at -282, 70, -498> Getting to block... |  -> | 1.1.9. <Getting to block class_2338{x=-282, y=70, z=-498}> Tungsten (primary) planning...
  TARGET (-282,70,-498) is {'error': 'no world'}
  RUNNER active=true |  (no chain running)  | Game Menu Chain(on=true,p=-Infinity) UserTaskChain(on=true,p=50.0) Mob Defense(on=true,p=0.0) Death Menu Respawn Handling(on=true,p=-Infinity) Hand Stack Fix Chain(on=true,p=-Infinity) MLG Water Bucket Fall Chain(on=true,p=-Infinity) Unstuck Chain(on=true,p=-Infi
  t=93s inGame=False hp=None pos=None items=0 busy=False d:pdEnter+289,mqStart+0,mqSteps+0,dbTick+289,rayMiss+0,leafCle+0
  TASK Description of current game pipeline that is selected: Current game tasks: No tasks. Time to add new!
  RUNNER active=false |  (no chain running)  | Game Menu Chain(on=true,p=-Infinity) UserTaskChain(on=false,p=50.0) Mob Defense(on=true,p=0.0) Death Menu Respawn Handling(on=true,p=-Infinity) Hand Stack Fix Chain(on=true,p=-Infinity) MLG Water Bucket Fall Chain(on=true,p=-Infinity) Unstuck Chain(on=true,p=-In
  t=116s inGame=True hp=20.0 pos=-307.5,78.0,-538.5 items=0 busy=True d:pdEnter+200,mqStart+1,mqSteps+2,dbTick+200,rayMiss+24,leafCle+0
  TASK Description of current game pipeline that is selected: Current game tasks: Current Baritone executor task list (UserTaskChain task chain) | 1. Main task: <Beating the game (Miran version).> Priority: 400.00, Collecting resource: [[wooden_pickaxe]] | 1.1. Subtasks: <Get catalogued: {[wooden_pickaxe]}: [[wooden_pickaxe]]>  |  -> | 1.1.0. <Doing stuff in crafting_table container: [[wooden_pickaxe]]>  |  -> | 1.1.1. <Doing stuff in crafting_table container> Getting container item |  -> | 1.1.2. <Craft 2x2 Task Recipe{minecraft:crafting_table}: [[crafting_table]]> Collecting materials |  -> | 1.1.3. <Collect Recipe Resources: {Recipe{minecraft:crafting_table}}> Getting planks x 4 |  -> | 1.1.4. <Crafting 4 planks [minecraft:acacia_planks, minecraft:birch_planks, minecraft:crimson_planks, minecraft:dark_oak_planks, minecraft:oak_planks, minecraft:jungle_planks, minecraft:spruce_planks, m... |  -> | 1.1.5. <Mine And Collect: [[acacia_log,birch_log,dark_oak_log,oak_log,jungle_log,spruce_log,acacia_wood,birch_wood,dark_oak_wood,oak_wood,jungle_wood,spruce_wood,stripped_acacia_log,stripped_birch_log,s... |  -> | 1.1.6. <Mining or Collecting>  |  -> | 1.1.7. <Destroy block at -282, 72, -534> Getting to block... |  -> | 1.1.8. <Getting to block class_2338{x=-282, y=72, z=-534}> Tungsten (primary) walking terrain...
  TARGET (-282,72,-534) is {'hardness': '2.00', 'replaceable': 'false', 'block': '·Â∏ÁÓ‚ÓÂ ·Â‚ÌÓ', 'position': '-282, 72, -534', 'id': 'minecraft:birch_log', 'is_air': 'false'}
  RUNNER active=true | Chain: UserTaskChain, priority: 50.0 | Game Menu Chain(on=true,p=-Infinity) UserTaskChain(on=true,p=50.0) Mob Defense(on=true,p=0.0) Death Menu Respawn Handling(on=true,p=-Infinity) Hand Stack Fix Chain(on=true,p=-Infinity) MLG Water Bucket Fall Chain(on=true,p=-Infinity) Unstuck Chain
  RUNG 'first craft' at 138.4s
  t=139s inGame=True hp=20.0 pos=-290.3,72.4,-535.0 items=2 busy=True d:pdEnter+-649,mqStart+4,mqSteps+26,dbTick+-809,rayMiss+10,leafCle+-113
  TASK Description of current game pipeline that is selected: Current game tasks: Current Baritone executor task list (UserTaskChain task chain) | 1. Main task: <Beating the game (Miran version).> Priority: 400.00, Collecting resource: [[wooden_pickaxe]] | 1.1. Subtasks: <Get catalogued: {[wooden_pickaxe]}: [[wooden_pickaxe]]>  |  -> | 1.1.0. <Doing stuff in crafting_table container: [[wooden_pickaxe]]>  |  -> | 1.1.1. <Doing stuff in crafting_table container> Getting container item |  -> | 1.1.2. <Craft 2x2 Task Recipe{minecraft:crafting_table}: [[crafting_table]]> Collecting materials |  -> | 1.1.3. <Collect Recipe Resources: {Recipe{minecraft:crafting_table}}> Getting planks x 4 |  -> | 1.1.4. <Crafting 4 planks [minecraft:acacia_planks, minecraft:birch_planks, minecraft:crimson_planks, minecraft:dark_oak_planks, minecraft:oak_planks, minecraft:jungle_planks, minecraft:spruce_planks, m... |  -> | 1.1.5. <Craft 2x2 Task Recipe{minecraft:birch_planks}: [[birch_planks]]> Crafting in inventory... for [birch_planks] |  -> | 1.1.6. <Crafting: Recipe{minecraft:birch_planks}> Moving item to slot... |  -> | 1.1.7. <Receiving output> Picking up output
  RUNNER active=true | Chain: UserTaskChain, priority: 50.0 | Game Menu Chain(on=true,p=-Infinity) UserTaskChain(on=true,p=50.0) Mob Defense(on=true,p=0.0) Death Menu Respawn Handling(on=true,p=-Infinity) Hand Stack Fix Chain(on=true,p=-Infinity) MLG Water Bucket Fall Chain(on=true,p=-Infinity) Unstuck Chain
  RUNG 'wood' at 161.0s
  t=161s inGame=True hp=20.0 pos=-282.8,72.0,-534.2 items=7 busy=True d:pdEnter+0,mqStart+0,mqSteps+0,dbTick+53,rayMiss+0,leafCle+0
  TASK Description of current game pipeline that is selected: Current game tasks: Current Baritone executor task list (UserTaskChain task chain) | 1. Main task: <Beating the game (Miran version).> Priority: 410.00, Crafting Recipe{minecraft:stone_pickaxe} | 1.1. Subtasks: <Doing stuff in crafting_table container: [[stone_pickaxe]]>  |  -> | 1.1.0. <Doing stuff in crafting_table container>  |  -> | 1.1.1. <Collect Recipe Resources: {Recipe{minecraft:stone_pickaxe}}> Getting cobblestone x 3 |  -> | 1.1.2. <Collect minecraft:cobblestone: [[cobblestone] x 3]>  |  -> | 1.1.3. <Mine And Collect: [[cobblestone]]>  |  -> | 1.1.4. <Mining or Collecting> Trying out NEW pursuit |  -> | 1.1.5. <Destroy block at -276, 68, -534> Getting to block... |  -> | 1.1.6. <Getting to block class_2338{x=-276, y=68, z=-534}> Tungsten (primary) pathfinding...
  TARGET (-276,68,-534) is {'hardness': '1.50', 'replaceable': 'false', 'block': 'Í‡ÏÂÌ¸', 'position': '-276, 68, -534', 'id': 'minecraft:stone', 'is_air': 'false'}
  RUNNER active=true | Chain: UserTaskChain, priority: 50.0 | Game Menu Chain(on=true,p=-Infinity) UserTaskChain(on=true,p=50.0) Mob Defense(on=true,p=0.0) Death Menu Respawn Handling(on=true,p=-Infinity) Hand Stack Fix Chain(on=true,p=-Infinity) MLG Water Bucket Fall Chain(on=true,p=-Infinity) Unstuck Chain
  t=185s inGame=True hp=20.0 pos=-277.3,73.0,-533.5 items=2 busy=True d:pdEnter+45,mqStart+0,mqSteps+0,dbTick+126,rayMiss+0,leafCle+0
  TASK Description of current game pipeline that is selected: Current game tasks: Current Baritone executor task list (UserTaskChain task chain) | 1. Main task: <Beating the game (Miran version).> Priority: 410.00, Crafting Recipe{minecraft:stone_pickaxe} | 1.1. Subtasks: <Doing stuff in crafting_table container: [[stone_pickaxe]]>  |  -> | 1.1.0. <Doing stuff in crafting_table container>  |  -> | 1.1.1. <Collect Recipe Resources: {Recipe{minecraft:stone_pickaxe}}> Getting cobblestone x 3 |  -> | 1.1.2. <Collect minecraft:cobblestone: [[cobblestone] x 3]>  |  -> | 1.1.3. <Mine And Collect: [[cobblestone]]>  |  -> | 1.1.4. <Mining or Collecting> Trying out NEW pursuit |  -> | 1.1.5. <Destroy block at -277, 68, -533> Getting to block... |  -> | 1.1.6. <Getting to block class_2338{x=-277, y=68, z=-533}> Tungsten (primary) pathfinding...
  TARGET (-277,68,-533) is {'hardness': '1.50', 'replaceable': 'false', 'block': 'Í‡ÏÂÌ¸', 'position': '-277, 68, -533', 'id': 'minecraft:stone', 'is_air': 'false'}
  RUNNER active=true | Chain: UserTaskChain, priority: 50.0 | Game Menu Chain(on=true,p=-Infinity) UserTaskChain(on=true,p=50.0) Mob Defense(on=true,p=0.0) Death Menu Respawn Handling(on=true,p=-Infinity) Hand Stack Fix Chain(on=true,p=-Infinity) MLG Water Bucket Fall Chain(on=true,p=-Infinity) Unstuck Chain
  t=208s inGame=True hp=20.0 pos=-276.8,73.0,-532.8 items=3 busy=True d:pdEnter+445,mqStart+0,mqSteps+0,dbTick+461,rayMiss+0,leafCle+0
  TASK Description of current game pipeline that is selected: Current game tasks: Current Baritone executor task list (UserTaskChain task chain) | 1. Main task: <Beating the game (Miran version).> Priority: 410.00, Crafting Recipe{minecraft:stone_pickaxe} | 1.1. Subtasks: <Doing stuff in crafting_table container: [[stone_pickaxe]]>  |  -> | 1.1.0. <Doing stuff in crafting_table container>  |  -> | 1.1.1. <Collect Recipe Resources: {Recipe{minecraft:stone_pickaxe}}> Getting cobblestone x 3 |  -> | 1.1.2. <Collect minecraft:cobblestone: [[cobblestone] x 3]>  |  -> | 1.1.3. <Mine And Collect: [[cobblestone]]>  |  -> | 1.1.4. <Mining or Collecting> Trying out NEW pursuit |  -> | 1.1.5. <Destroy block at -283, 68, -530> Getting to block... |  -> | 1.1.6. <Getting to block class_2338{x=-283, y=68, z=-530}> Tungsten (primary) pathfinding...
  TARGET (-283,68,-530) is {'hardness': '1.50', 'replaceable': 'false', 'block': 'Í‡ÏÂÌ¸', 'position': '-283, 68, -530', 'id': 'minecraft:stone', 'is_air': 'false'}
  RUNNER active=true | Chain: UserTaskChain, priority: 50.0 | Game Menu Chain(on=true,p=-Infinity) UserTaskChain(on=true,p=50.0) Mob Defense(on=true,p=0.0) Death Menu Respawn Handling(on=true,p=-Infinity) Hand Stack Fix Chain(on=true,p=-Infinity) MLG Water Bucket Fall Chain(on=true,p=-Infinity) Unstuck Chain
  t=231s inGame=True hp=20.0 pos=-282.4,73.0,-529.3 items=4 busy=True d:pdEnter+364,mqStart+0,mqSteps+0,dbTick+362,rayMiss+0,leafCle+0
  TASK Description of current game pipeline that is selected: Current game tasks: Current Baritone executor task list (UserTaskChain task chain) | 1. Main task: <Beating the game (Miran version).> Priority: 410.00, Crafting Recipe{minecraft:stone_pickaxe} | 1.1. Subtasks: <Doing stuff in crafting_table container: [[stone_pickaxe]]>  |  -> | 1.1.0. <Doing stuff in crafting_table container>  |  -> | 1.1.1. <Collect Recipe Resources: {Recipe{minecraft:stone_pickaxe}}> Getting cobblestone x 3 |  -> | 1.1.2. <Collect minecraft:cobblestone: [[cobblestone] x 3]> Picking up |  -> | 1.1.3. <Mine And Collect: [[cobblestone]]>  |  -> | 1.1.4. <Mining or Collecting>  |  -> | 1.1.5. <Destroy block at -281, 68, -532> Block in range, mining...
  TARGET (-281,68,-532) is {'hardness': '1.50', 'replaceable': 'false', 'block': 'Í‡ÏÂÌ¸', 'position': '-281, 68, -532', 'id': 'minecraft:stone', 'is_air': 'false'}
  RUNNER active=true | Chain: UserTaskChain, priority: 50.0 | Game Menu Chain(on=true,p=-Infinity) UserTaskChain(on=true,p=50.0) Mob Defense(on=true,p=0.0) Death Menu Respawn Handling(on=true,p=-Infinity) Hand Stack Fix Chain(on=true,p=-Infinity) MLG Water Bucket Fall Chain(on=true,p=-Infinity) Unstuck Chain
  t=255s inGame=True hp=20.0 pos=-280.3,68.0,-530.7 items=8 busy=True d:pdEnter+311,mqStart+1,mqSteps+2,dbTick+361,rayMiss+0,leafCle+0
  TASK Description of current game pipeline that is selected: Current game tasks: Current Baritone executor task list (UserTaskChain task chain) | 1. Main task: <Beating the game (Miran version).> Picking up the crafting table while we are at it. | 1.1. Subtasks: <Mine And Collect: [[crafting_table]]>  |  -> | 1.1.0. <Mining or Collecting>  |  -> | 1.1.1. <Destroy block at -282, 69, -534> Block in range, mining...
  TARGET (-282,69,-534) is {'hardness': '2.50', 'replaceable': 'false', 'block': '‚ÂÒÚ‡Í', 'position': '-282, 69, -534', 'id': 'minecraft:crafting_table', 'is_air': 'false'}
  RUNNER active=true | Chain: UserTaskChain, priority: 50.0 | Game Menu Chain(on=true,p=-Infinity) UserTaskChain(on=true,p=50.0) Mob Defense(on=true,p=0.0) Death Menu Respawn Handling(on=true,p=-Infinity) Hand Stack Fix Chain(on=true,p=-Infinity) MLG Water Bucket Fall Chain(on=true,p=-Infinity) Unstuck Chain
  RUNG 'stone tools' at 278.0s
  t=278s inGame=True hp=20.0 pos=-280.7,68.0,-531.7 items=13 busy=True d:pdEnter+0,mqStart+0,mqSteps+0,dbTick+76,rayMiss+0,leafCle+0
  TASK Description of current game pipeline that is selected: Current game tasks: Current Baritone executor task list (UserTaskChain task chain) | 1. Main task: <Beating the game (Miran version).> Picking up the crafting table while we are at it. | 1.1. Subtasks: <Mine And Collect: [[crafting_table]]>  |  -> | 1.1.0. <Mining or Collecting>  |  -> | 1.1.1. <Pickup Dropped Items: [[crafting_table]]> Wandering. |  -> | 1.1.2. <Wander for 5.0 blocks> Exploring.
  RUNNER active=true | Chain: UserTaskChain, priority: 50.0 | Game Menu Chain(on=true,p=-Infinity) UserTaskChain(on=true,p=50.0) Mob Defense(on=true,p=0.0) Death Menu Respawn Handling(on=true,p=-Infinity) Hand Stack Fix Chain(on=true,p=-Infinity) MLG Water Bucket Fall Chain(on=true,p=-Infinity) Unstuck Chain
  t=302s inGame=True hp=20.0 pos=-280.7,68.0,-531.7 items=13 busy=True d:pdEnter+0,mqStart+0,mqSteps+0,dbTick+0,rayMiss+0,leafCle+0
  RUNNER active=true | Chain: UserTaskChain, priority: 50.0 | Game Menu Chain(on=true,p=-Infinity) UserTaskChain(on=true,p=50.0) Mob Defense(on=true,p=0.0) Death Menu Respawn Handling(on=true,p=-Infinity) Hand Stack Fix Chain(on=true,p=-Infinity) MLG Water Bucket Fall Chain(on=true,p=-Infinity) Unstuck Chain
  t=325s inGame=True hp=20.0 pos=-280.7,68.0,-531.7 items=13 busy=True d:pdEnter+0,mqStart+0,mqSteps+0,dbTick+0,rayMiss+0,leafCle+0
  RUNNER active=true | Chain: UserTaskChain, priority: 50.0 | Game Menu Chain(on=true,p=-Infinity) UserTaskChain(on=true,p=50.0) Mob Defense(on=true,p=0.0) Death Menu Respawn Handling(on=true,p=-Infinity) Hand Stack Fix Chain(on=true,p=-Infinity) MLG Water Bucket Fall Chain(on=true,p=-Infinity) Unstuck Chain
  STALLED: position unchanged for 3 polls at -280.7,68.0,-531.7
  stall evidence written to C:\repos\pet\unionclef\deploy\runner\freezes\stall_run1.txt
  t=351s inGame=True hp=20.0 pos=-280.7,68.0,-531.7 items=13 busy=True d:pdEnter+0,mqStart+0,mqSteps+0,dbTick+0,rayMiss+0,leafCle+0
  TASK Description of current game pipeline that is selected: Current game tasks: Current Baritone executor task list (UserTaskChain task chain) | 1. Main task: <Beating the game (Miran version).> Picking up the crafting table while we are at it. | 1.1. Subtasks: <Mine And Collect: [[crafting_table]]>  |  -> | 1.1.0. <Mining or Collecting>  |  -> | 1.1.1. <Pickup Dropped Items: [[crafting_table]]> Wandering. |  -> | 1.1.2. <Wander for 10.0 blocks> Exploring.
  RUNNER active=true | Chain: UserTaskChain, priority: 50.0 | Game Menu Chain(on=true,p=-Infinity) UserTaskChain(on=true,p=50.0) Mob Defense(on=true,p=0.0) Death Menu Respawn Handling(on=true,p=-Infinity) Hand Stack Fix Chain(on=true,p=-Infinity) MLG Water Bucket Fall Chain(on=true,p=-Infinity) Unstuck Chain
  t=375s inGame=True hp=20.0 pos=-280.7,68.0,-531.7 items=13 busy=True d:pdEnter+0,mqStart+0,mqSteps+0,dbTick+0,rayMiss+0,leafCle+0
  RUNNER active=true | Chain: UserTaskChain, priority: 50.0 | Game Menu Chain(on=true,p=-Infinity) UserTaskChain(on=true,p=50.0) Mob Defense(on=true,p=0.0) Death Menu Respawn Handling(on=true,p=-Infinity) Hand Stack Fix Chain(on=true,p=-Infinity) MLG Water Bucket Fall Chain(on=true,p=-Infinity) Unstuck Chain
  t=398s inGame=True hp=20.0 pos=-280.7,68.0,-531.7 items=13 busy=True d:pdEnter+0,mqStart+0,mqSteps+0,dbTick+0,rayMiss+0,leafCle+0
  TASK Description of current game pipeline that is selected: Current game tasks: Current Baritone executor task list (UserTaskChain task chain) | 1. Main task: <Beating the game (Miran version).> Priority: Infinity, Collecting resource: [[cooked_cod], [cooked_porkchop], [cooked_mutton], [baked_potato], [cooked_beef], [cooked_chicken], [cooked_rabbit], [cooked_salmon], [cod], [porkchop], [mutton], [potato], [beef], [chicken], [rabbit], [salmon], [wheat], [bread]] | 1.1. Subtasks: <Collect 220.0 units of food.> Killing entity.minecraft.chicken |  -> | 1.1.0. <Collect items from public class net.minecraft.class_1428: [[chicken]]>  |  -> | 1.1.1. <Doing something to closest entity...>  |  -> | 1.1.2. <Killing entity.minecraft.chicken> Approaching target |  -> | 1.1.3. <Approach entity entity.minecraft.chicken> Tungsten locked (23s left)
  RUNNER active=true | Chain: UserTaskChain, priority: 50.0 | Game Menu Chain(on=true,p=-Infinity) UserTaskChain(on=true,p=50.0) Mob Defense(on=true,p=0.0) Death Menu Respawn Handling(on=true,p=-Infinity) Hand Stack Fix Chain(on=true,p=-Infinity) MLG Water Bucket Fall Chain(on=true,p=-Infinity) Unstuck Chain
  t=421s inGame=True hp=20.0 pos=-280.5,68.0,-530.3 items=17 busy=True d:pdEnter+24,mqStart+0,mqSteps+0,dbTick+37,rayMiss+0,leafCle+0
  TASK Description of current game pipeline that is selected: Current game tasks: Current Baritone executor task list (UserTaskChain task chain) | 1. Main task: <Beating the game (Miran version).> Priority: Infinity, Collecting resource: [[cooked_cod], [cooked_porkchop], [cooked_mutton], [baked_potato], [cooked_beef], [cooked_chicken], [cooked_rabbit], [cooked_salmon], [cod], [porkchop], [mutton], [potato], [beef], [chicken], [rabbit], [salmon], [wheat], [bread]] | 1.1. Subtasks: <Collect 220.0 units of food.> Killing entity.minecraft.chicken |  -> | 1.1.0. <Collect items from public class net.minecraft.class_1428: [[chicken]]>  |  -> | 1.1.1. <Doing something to closest entity...>  |  -> | 1.1.2. <Killing entity.minecraft.chicken> Approaching target |  -> | 1.1.3. <Approach entity entity.minecraft.chicken> Failed to get to target, wandering for a bit. |  -> | 1.1.4. <Wander for 5.0 blocks> Exploring.
  RUNNER active=true | Chain: UserTaskChain, priority: 50.0 | Game Menu Chain(on=true,p=-Infinity) UserTaskChain(on=true,p=50.0) Mob Defense(on=true,p=0.0) Death Menu Respawn Handling(on=true,p=-Infinity) Hand Stack Fix Chain(on=true,p=-Infinity) MLG Water Bucket Fall Chain(on=true,p=-Infinity) Unstuck Chain
  LADDER STALLED: no new rung for 150s (last: stone tools)
  stall evidence written to C:\repos\pet\unionclef\deploy\runner\freezes\stall_run1_ladder.txt
  t=448s inGame=True hp=20.0 pos=-280.7,66.0,-530.7 items=18 busy=True d:pdEnter+0,mqStart+0,mqSteps+0,dbTick+0,rayMiss+0,leafCle+0
  RUNNER active=true | Chain: UserTaskChain, priority: 50.0 | Game Menu Chain(on=true,p=-Infinity) UserTaskChain(on=true,p=50.0) Mob Defense(on=true,p=0.0) Death Menu Respawn Handling(on=true,p=-Infinity) Hand Stack Fix Chain(on=true,p=-Infinity) MLG Water Bucket Fall Chain(on=true,p=-Infinity) Unstuck Chain
  t=471s inGame=True hp=20.0 pos=-280.3,66.0,-530.3 items=18 busy=True d:pdEnter+0,mqStart+0,mqSteps+0,dbTick+0,rayMiss+0,leafCle+0
  TASK Description of current game pipeline that is selected: Current game tasks: Current Baritone executor task list (Unstuck Chain task chain) | 1. Main task: <Shimmying> 
  RUNNER active=true | Chain: Unstuck Chain, priority: 55.0 | Game Menu Chain(on=true,p=-Infinity) UserTaskChain(on=true,p=50.0) Mob Defense(on=true,p=0.0) Death Menu Respawn Handling(on=true,p=-Infinity) Hand Stack Fix Chain(on=true,p=-Infinity) MLG Water Bucket Fall Chain(on=true,p=-Infinity) Unstuck Chain
  t=494s inGame=True hp=20.0 pos=-280.7,66.0,-530.7 items=19 busy=True d:pdEnter+0,mqStart+0,mqSteps+0,dbTick+0,rayMiss+0,leafCle+0
  TASK Description of current game pipeline that is selected: Current game tasks: Current Baritone executor task list (UserTaskChain task chain) | 1. Main task: <Beating the game (Miran version).> Priority: Infinity, Collecting resource: [[cooked_cod], [cooked_porkchop], [cooked_mutton], [baked_potato], [cooked_beef], [cooked_chicken], [cooked_rabbit], [cooked_salmon], [cod], [porkchop], [mutton], [potato], [beef], [chicken], [rabbit], [salmon], [wheat], [bread]] | 1.1. Subtasks: <Collect 220.0 units of food.> Killing entity.minecraft.pig |  -> | 1.1.0. <Collect items from public class net.minecraft.class_1452: [[porkchop]]>  |  -> | 1.1.1. <Doing something to closest entity...>  |  -> | 1.1.2. <Killing entity.minecraft.pig> Approaching target |  -> | 1.1.3. <Approach entity entity.minecraft.pig> Failed to get to target, wandering for a bit. |  -> | 1.1.4. <Wander for 5.0 blocks> Exploring.
  RUNNER active=true | Chain: UserTaskChain, priority: 50.0 | Game Menu Chain(on=true,p=-Infinity) UserTaskChain(on=true,p=50.0) Mob Defense(on=true,p=0.0) Death Menu Respawn Handling(on=true,p=-Infinity) Hand Stack Fix Chain(on=true,p=-Infinity) MLG Water Bucket Fall Chain(on=true,p=-Infinity) Unstuck Chain
  t=517s inGame=True hp=20.0 pos=-280.7,66.0,-530.7 items=18 busy=True d:pdEnter+0,mqStart+0,mqSteps+0,dbTick+0,rayMiss+0,leafCle+0
  RUNNER active=true | Chain: UserTaskChain, priority: 50.0 | Game Menu Chain(on=true,p=-Infinity) UserTaskChain(on=true,p=50.0) Mob Defense(on=true,p=0.0) Death Menu Respawn Handling(on=true,p=-Infinity) Hand Stack Fix Chain(on=true,p=-Infinity) MLG Water Bucket Fall Chain(on=true,p=-Infinity) Unstuck Chain
  t=540s inGame=True hp=20.0 pos=-280.7,66.0,-530.7 items=18 busy=True d:pdEnter+0,mqStart+0,mqSteps+0,dbTick+0,rayMiss+0,leafCle+0
  TASK Description of current game pipeline that is selected: Current game tasks: Current Baritone executor task list (Unstuck Chain task chain) | 1. Main task: <Shimmying> 
  RUNNER active=true | Chain: Unstuck Chain, priority: 55.0 | Game Menu Chain(on=true,p=-Infinity) UserTaskChain(on=true,p=50.0) Mob Defense(on=true,p=0.0) Death Menu Respawn Handling(on=true,p=-Infinity) Hand Stack Fix Chain(on=true,p=-Infinity) MLG Water Bucket Fall Chain(on=true,p=-Infinity) Unstuck Chain
  t=563s inGame=True hp=20.0 pos=-280.3,66.0,-530.3 items=18 busy=True d:pdEnter+0,mqStart+0,mqSteps+0,dbTick+0,rayMiss+0,leafCle+0
  TASK Description of current game pipeline that is selected: Current game tasks: Current Baritone executor task list (UserTaskChain task chain) | 1. Main task: <Beating the game (Miran version).> Priority: 300.00, Crafting Recipe{minecraft:stone_axe} | 1.1. Subtasks: <Doing stuff in crafting_table container: [[stone_axe]]>  |  -> | 1.1.0. <Doing stuff in crafting_table container>  |  -> | 1.1.1. <Collect Recipe Resources: {Recipe{minecraft:stone_axe}}> Getting cobblestone x 3 |  -> | 1.1.2. <Collect minecraft:cobblestone: [[cobblestone] x 3]>  |  -> | 1.1.3. <Mine And Collect: [[cobblestone]]>  |  -> | 1.1.4. <Mining or Collecting>  |  -> | 1.1.5. <Destroy block at -281, 66, -532> Block in range, mining...
  TARGET (-281,66,-532) is {'hardness': '0.00', 'replaceable': 'true', 'block': '‚ÓÁ‰Ûı', 'position': '-281, 66, -532', 'id': 'minecraft:air', 'is_air': 'true'}
  RUNNER active=true | Chain: UserTaskChain, priority: 50.0 | Game Menu Chain(on=true,p=-Infinity) UserTaskChain(on=true,p=50.0) Mob Defense(on=true,p=0.0) Death Menu Respawn Handling(on=true,p=-Infinity) Hand Stack Fix Chain(on=true,p=-Infinity) MLG Water Bucket Fall Chain(on=true,p=-Infinity) Unstuck Chain
  t=586s inGame=True hp=20.0 pos=-280.7,66.0,-530.7 items=19 busy=True d:pdEnter+0,mqStart+0,mqSteps+0,dbTick+174,rayMiss+0,leafCle+0
  TASK Description of current game pipeline that is selected: Current game tasks: Current Baritone executor task list (UserTaskChain task chain) | 1. Main task: <Beating the game (Miran version).> Priority: 300.00, Crafting Recipe{minecraft:stone_axe} | 1.1. Subtasks: <Doing stuff in crafting_table container: [[stone_axe]]>  |  -> | 1.1.0. <Doing stuff in crafting_table container>  |  -> | 1.1.1. <Collect Recipe Resources: {Recipe{minecraft:stone_axe}}> Getting cobblestone x 3 |  -> | 1.1.2. <Collect minecraft:cobblestone: [[cobblestone] x 3]>  |  -> | 1.1.3. <Mine And Collect: [[cobblestone]]>  |  -> | 1.1.4. <Mining or Collecting>  |  -> | 1.1.5. <Destroy block at -282, 66, -532> Block in range, mining...
  TARGET (-282,66,-532) is {'hardness': '0.00', 'replaceable': 'true', 'block': '‚ÓÁ‰Ûı', 'position': '-282, 66, -532', 'id': 'minecraft:air', 'is_air': 'true'}
  RUNNER active=true | Chain: UserTaskChain, priority: 50.0 | Game Menu Chain(on=true,p=-Infinity) UserTaskChain(on=true,p=50.0) Mob Defense(on=true,p=0.0) Death Menu Respawn Handling(on=true,p=-Infinity) Hand Stack Fix Chain(on=true,p=-Infinity) MLG Water Bucket Fall Chain(on=true,p=-Infinity) Unstuck Chain
  t=610s inGame=True hp=20.0 pos=-280.7,66.0,-530.7 items=19 busy=True d:pdEnter+0,mqStart+0,mqSteps+0,dbTick+470,rayMiss+0,leafCle+156
  deaths this run: 0 (bench /kill excluded: 1)
  end inv: {'nonEmpty': 7, 'items': 19, 'ids': ['minecraft:wooden_pickaxe', 'minecraft:stone_sword', 'minecraft:stone_pickaxe', 'minecraft:dirt', 'minecraft:cobblestone', 'minecraft:birch_planks', 'minecraft:stick']}
  queue stats: called=2222 deferred=0 inRange=2222 clicked=0 noSup=0/0/237 | mqStarted=6 mqSteps=30 mqBack=0 mqTimeout=0 mqTicks=131 step=0/0 pdEnter=1269 pdNotPrim=0 pdPillar=24 pdBridge=0 pdStuck=0 pdWalking=0 pdNear=1164 pdNoGoal=0 pdFinished=0 pdNoVec=0 pdStallWalk=0 pdStallReset=6 pdQueueShort=0 pdNearBusy=394 pdNearFind=97 pdPlan=1164/5/0 pdLegacy=0 pdLegacyTung=0/0 exArrived=89 exRanOut=16 exSprint=250/291 execYieldMiner=0 oreSeen=485/485/485 sleepDeclined=0 oreNear=4.6/4.9 nearLockDropped=0 unknownGoal=- dbTick=2302 dbUnreachMove=10 dbUnreachWater=0 dbUnreachPillager=0 dbNear=8 dbFar=2 dbDistSum=24 dbNearTick=1284 noReach=405 air=25 hungry=0 unsafe=0 blockedBy=minecraft:stone dbTargetAir=0 rayLeaves=39 rayOther=1317 rayMiss=45 leafCleared=161 dbBlocked=244/0/0 dbNoRetreat=0 dbStepOver=0 dbApproachStall=0 dbBestDist=9 dbTargets=29/13 dbReachGoal=0 iw=0/5/4/0 cgTick=0 cgBig=0 cgInv=0 cgNoScreen=0 cgSent=0 cgOutReady=0 cgLastSent=- cgCraftable=0 cgNotCraftable=0 cgBookOk=0 cgBookNone=0 cgSmall=0 cgScreen=- ciTick=528 ciCollect=454 ciReceive=19 ciGrid=0 mdCalls=9679 mdWon=0 mdFlee=0 mdFight=0 mdRet=0/0/0/0/0/0/0/0/0/0 vgCalls=0 vgEdge=0 vgFall=0/0/0/0 rimBack=0 kbThrow=0/0/0/0 kbImp=0/0/0 shIssued=6126 shDropped=3570 shBlack=19 shThrown=81 shKept=0 shRefresh=15/5 shWho=[AltoClef:580x30 PlayerInteractionFixChain:86x23 PlayerInteractionFixChain:106x16 AbstractKillEntityTask:244x16] fixKept=0 thrown=[spruce_stairsx16712 sandx8356 red_sandx8356 torchx8356 oak_saplingx8356] throwers=[BeatMinecraftTask:389x77 CraftInTableTask:146x8] dropPick=[crafting_table cost=38 dy=+1.0 of=2 next=120] deepPicks=22/0 dropBudget=1 pursuit=8/120s entBudget=0 gmDisc=0 gmRecSet=0 gmGuard=0 gmConn=0 shLastBlackSlot=38 slotYeet=0 mqLost=0 mqStatusFail=0 mqRefused=0(short=0 vetoed=0) mqNoClass=0 mqNullEdge=0 mqExpand=0/0/0/0 mqExpandAt=- qRebased=0 qOffRoute=0 qUnreachReplan=0 gridCorner=50714 dbFarRetry=0/0 plan=135/2046/45ms/sz38/zero95(e0=0,e1=95,resc=0,snap=2,noSup=0,supNoKids=0,atGoal=95(ex95,ytol0)@block(-281,68,-531)) cp=81/69/1/460/460 diag=0/170/0 navRes=0/0/0/0/0 navBridgeRescued=0 walkerHoleHeld=0 diagonalWalled=0 staleTail=0 ungagged=0 walkYield=0 walkYieldMiner=0 walkMode=9575/0/0 mqParkour=0 mqAdmitMismatch=0 qPrep=0/125 blindPrep=0 mqNull=0 gaveUp=0/0 mineRe=19@223cm/back1 dc=8661/15/1/0/1/none1/same8350/gave1/rst21@6243cm/mv472-8189/idle1/still4654-3535 mc=125/0/0/2/0 mcFlight=105 mcSwitch=11 toolSwap=0 recipesKnown=917 wander=3421 wanderMoved=260 wanderChk=3400/21 wanderFail=10 wanderDenied=1875/0 wanderTung=521/13 emptyPathRefused=0 guideVanished=0/0 searchAborted=4 emit=101/447/101/0 tryEmit=194/101 goal=27569/8/agent[-297.2,74.0,-534.5]->tgt[-288.1,72.0,-531.8]d9.8 snap=1269/1268/1/self1156 guide=n2 n0y66.0 n1[-280.5,66.0,-530.5]d0.3 dy010.0 end[-280.5,66.0,-530.5]toTgt61.6/idx9/relaxDrop0/fallChk1226677-0/smart0-0/resumeKept0/stopBy[TungstenHelper@600:432 CustomBaritoneGoalTask@609:6]/spared0/bsEnd[c100 t9 s2 x0]closest65cm bsIn[f0 s114 i170541] salvage=2/41 resetEmit=0/0 resetRefused=5 resetNoGain=5 children=454991/73064/73064 rej=0/0/0/0 gen=389552/386429 sweepKept=0/0 salvageEmit=2/41 dbDenied=42 airProg=82 lavaEsc=0 lavaCond=0/9679 surv=9679/9679 tbl=1203/1197@2 bs=109/109/166/166@3508ms navUnsafeAir=0 sm=0/0 smWater=0 srch=1/0/0 fallRetry=4/18 fallHarmless=0/0 fallPriced=0/0 gaveUpFallRetry=0 wallSkipRefused=0 gotoResumedFromSearch=0 drop=17513/4198/2812 scan=95931/2539/0/0/0/0 navStop=0/0/1170 fleeSpot=0/0 lock=8/0/2@chicken:51.8>51.8,m0.0,t0.0,h49.8,dy+14.0@bot[-280.70,66.00,-530.70]|<Approach_entity_entity.minecraft.chicken>_B;pig:61.8>61.8,m0.0,t0.0,h60.8,dy+11.0@bot[-280.70,66.00,-530.70]|<Approach_entity_entity.minecraft.pig>_Tungs;pig:61.8>61.8,m0.0,t0.0,h60.8,dy+11.0@bot[-280.70,66.00,-530.70]|<Approach_entity_entity.minecraft.pig>_Barit lockAnat=3913/720/2186/0/23/1060/188 lockRetarget=5/4 cb=0/0/0/40435 avoidSrc=7/0/2/42@pred@BeatMinecraftTask.onStart:1130/pred@BeatMinecraftTask.onStart:1130 et=70531/70511 sprint=91/125 lowHp=0/0 standOff=0 hurt=0/0/0 hurtWin=0/0 diseng=0/0 ctl=0 cq=0/0/0 los=0/0/0/0 kaTung=0/0/0/0 dte=2574/0/0/0/0/0/near0 mdTung=0/0 mdFleeStuck=0 mdFleeShooter=0 mdFar=0/0 arrows=0/0.00/0.00 draws=0/0/0/0.00 band=0/-1 dodgeYield=0 latch=0/0 breakFail=1/0/0/0/0 chains=[UserTaskChain:8467 UnstuckChain:1212] stranded=22/dig9/own1212/back21/away1/primary/200@66/primary/200 gp=9568/0/0/0/111 dodgeTask=0/0.00 dealt=0.0/0.0/9700 hitSize=0/0/0/0 takeSize=0/0/0/0 slotSync=0/0 critReset=0 stray=0/0 heldSwing=0 loseKite=0 holdBow=0 punkKept=0 swingHits=0 dodgeDrive=0 hop=0/0/0/0/0/0/0 mdPillarD=0 dmgTaken=0.0 dw=0/0.0/0.00/0.00/0/0 dwNoBlame=0 dmgWhy=0/0/0/0/0@0.0 strafe=0/0 voidEntries=0 voidTicks=0 lastFall=[] hits=0/0/0/0 hitRange=0.00/0.00 mdBow=0 bowShots=0 bowWild=0 bowNoSol=0 bowRestart=0 bowAimTO=0 bowDrawTO=0 bowBestMiss=-1.00 bowFacing=0 bowNoRoom=0 flee=0/0/0/0/0/0 qBurn=0 qTp=1 qNoMove=0 stuck=[-] staleRoot=0 | mvRequested=0 mvCooldown=0 mvNoHit=0 mvClicked=0 mvSteered=74 | mv=125/96/8/21/0 pnb=487/484/0/3 pnbExit=75/3/406/0 gateThrough=0 gateHeld=1403 queued=0 queuePlaced=0 entityReleased=15/9 idrop=8706/0/0/8706 rt=14727/5114/3449 entityCloseWalk=362/1/1/360/120/240/2 closeWalkGeom=0/0/0/362 deep=0/0/0 cwJump=0 cwSneakRel=0 cwLease=0 cwDeep=0 closeWalkFwd=237/125/0
  recent chat: ['ß2ßlßo[Alto Clef] ßrFound better tool in inventory, equipping.', 'ß2ßlßo[Alto Clef] ßrFound better tool in inventory, equipping.', 'ß2ßlßo[Alto Clef] ßrFound better tool in inventory, equipping.', 'ß2ßlßo[Alto Clef] ßrFound better tool in inventory, equipping.', 'ß2ßlßo[Alto Clef] ßrFound better tool in inventory, equipping.', 'ß2ßlßo[Alto Clef] ßrFound better tool in inventory, equipping.', 'ß2ßlßo[Alto Clef] ßrFound better tool in inventory, equipping.', 'ß2ßlßo[Alto Clef] ßrFound better tool in inventory, equipping.', 'ß2ßlßo[Alto Clef] ßrFound better tool in inventory, equipping.', 'ß2ßlßo[Alto Clef] ßrFound better tool in inventory, equipping.']

=== RESULTS ===
  responsive polls: 26, busy polls: 25, distinct positions: 14, items gained: 19
  ladder: crafting@22.7s, wood tools@22.7s, first craft@138.4s, wood@161.0s, stone tools@278.0s
  client fps (median): 25.0 over 26 samples
  PHASES total=664s rcon=1s(0%) connect=23s(3%) reset=13s(2%) start=12s(2%) watch=615s(93%)
  GAMER_SMOKE: PASS

=========== RUN 2/6 ===========
[1] wait gamer-server rcon...
  [ok] gamer rcon
[2] connect bot to gamer-server...
  [ok] bot in game (gamer)
  [ok] world loaded (bot has a position)
[2b] reset to a known start (kill -> respawn -> empty -> heal -> day)...
  [ok] bot respawned
  paired A/B start: spiral #40  (advancing)
  fresh start #40: -308 150 -839
  start has 100 log blocks within 40
  pair ground REUSED: -308 150 -539
  pair wood: arm1 84 -> arm2 90 (107%)
  start pos: -306.4,78.0,-549.7 (pinned)
[3] tungsten-primary (SHIPPED DEFAULT) + @gamer...
  client fps before start: 21.0
  STAND FLAGS ON: allowBreak allowPlace avoidStuckAnvil avoidStuckFence barrenLockCountsAsFailure barrenStreakPerEntity botFpsNoIdleThrottle breakBanEscalates chaseUsesQueue closestPursuitHasBudget collectDropsBeforeTools combatMovementsEnabled combatReachControl combatRotatesEnabled combatSaverEnabled combatTriggerBotEnabled critReleasesSprint dropBudgetSurvivesTaskRebuild dropPursuitHasBudget emptyPathIsNotArrival enableNativeRotation enableParallelStreaming enablePitchChange entityCloseRangeWalk entitySearchMustMove entityWanderWhenNavRefuses fastBlockFirst followBlockPathFinderEnabled followJumpingEnabled gotoResumeNeedsRealTarget gridBfsRefusesCornerCut gridRouteMatchesQueueMoves guideDiesWithItsRelaxation legacyYieldsToWalker lockKeepsRouteWhileTargetStands navGroundCollisionCheck navStopOnTaskEnd navUsesQueue neverHandOffToLegacy pathAvoidsFallDamage planPlaceMoves planSnapsStartToSupport predictDamageFromBlocks queueClimbs queueDedupesRoute rerootMustExtendTheGuide resetPrefixNeedsMovement scanCheapTestFirst sleepNeedsAnObtainableBed stallCheckNeedsMovement toolsetYieldsToOre unstuckWhenGoalButNoPath vanishedGuideSalvagesRoute verboseDebugLogging wanderKeepsWalkerKeys wanderUsesTungsten
  ARM A
  PIN unstuckWhenGoalButNoPath=true
  PIN VERIFIED unstuckWhenGoalButNoPath=true
  PIN unstuckWhenGoalButNoPath=true
  PIN VERIFIED unstuckWhenGoalButNoPath=true
  shipped pathing flags: {'tungstenPrimary': True, 'ok': True}
  walker debug: {'r': "{'walkerDebug': True, 'ok': True}"}
  zero counters: {'r': "{'ok': True}"}
  start inv: {'nonEmpty': 0, 'items': 0, 'ids': []}
[4] watching 10.0 min for progress...
  TASK Description of current game pipeline that is selected: Current game tasks: Current Baritone executor task list (UserTaskChain task chain) | 1. Main task: <Beating the game (Miran version).> Priority: 400.00, Collecting resource: [[wooden_pickaxe]] | 1.1. Subtasks: <Get catalogued: {[wooden_pickaxe]}: [[wooden_pickaxe]]> Picking up (pickaxe first!) |  -> | 1.1.0. <Pickup Dropped Items: [[wooden_pickaxe]]> Collecting pickaxe first |  -> | 1.1.1. <Satisfy Mining Req: STONE>  |  -> | 1.1.2. <Doing stuff in crafting_table container: [[stone_pickaxe]]>  |  -> | 1.1.3. <Doing stuff in crafting_table container>  |  -> | 1.1.4. <Collect Recipe Resources: {Recipe{minecraft:stone_pickaxe}}> Getting cobblestone x 3 |  -> | 1.1.5. <Collect minecraft:cobblestone: [[cobblestone] x 3]> Picking up |  -> | 1.1.6. <Mine And Collect: [[cobblestone]]> Collecting a drop instead of crafting a tool for it |  -> | 1.1.7. <Mining or Collecting>  |  -> | 1.1.8. <Destroy block at -307, 74, -551> Getting to block... |  -> | 1.1.9. <Getting to block class_2338{x=-307, y=74, z=-551}> Tungsten (primary) pathfinding...
  TARGET (-307,74,-551) is {'hardness': '1.50', 'replaceable': 'false', 'block': 'Í‡ÏÂÌ¸', 'position': '-307, 74, -551', 'id': 'minecraft:stone', 'is_air': 'false'}
  RUNNER active=true | Chain: UserTaskChain, priority: 50.0 | Game Menu Chain(on=true,p=-Infinity) UserTaskChain(on=true,p=50.0) Mob Defense(on=true,p=0.0) Death Menu Respawn Handling(on=true,p=-Infinity) Hand Stack Fix Chain(on=true,p=-Infinity) MLG Water Bucket Fall Chain(on=true,p=-Infinity) Unstuck Chain
  t=23s inGame=True hp=20.0 pos=-306.2,79.0,-550.2 items=0 busy=True d:pdEnter+95,mqStart+0,mqSteps+0,dbTick+95,rayMiss+0,leafCle+0
  TASK Description of current game pipeline that is selected: Current game tasks: Current Baritone executor task list (UserTaskChain task chain) | 1. Main task: <Beating the game (Miran version).> Priority: 400.00, Collecting resource: [[wooden_pickaxe]] | 1.1. Subtasks: <Get catalogued: {[wooden_pickaxe]}: [[wooden_pickaxe]]> Picking up (pickaxe first!) |  -> | 1.1.0. <Pickup Dropped Items: [[wooden_pickaxe]]> Collecting pickaxe first |  -> | 1.1.1. <Satisfy Mining Req: STONE>  |  -> | 1.1.2. <Doing stuff in crafting_table container: [[stone_pickaxe]]>  |  -> | 1.1.3. <Doing stuff in crafting_table container>  |  -> | 1.1.4. <Collect Recipe Resources: {Recipe{minecraft:stone_pickaxe}}> Getting cobblestone x 3 |  -> | 1.1.5. <Collect minecraft:cobblestone: [[cobblestone] x 3]> Picking up |  -> | 1.1.6. <Mine And Collect: [[cobblestone]]> Collecting a drop instead of crafting a tool for it |  -> | 1.1.7. <Mining or Collecting> Trying out NEW pursuit |  -> | 1.1.8. <Destroy block at -304, 74, -551> Getting to block... |  -> | 1.1.9. <Getting to block class_2338{x=-304, y=74, z=-551}> Tungsten (primary) pathfinding...
  TARGET (-304,74,-551) is {'hardness': '1.50', 'replaceable': 'false', 'block': 'Í‡ÏÂÌ¸', 'position': '-304, 74, -551', 'id': 'minecraft:stone', 'is_air': 'false'}
  RUNNER active=true | Chain: UserTaskChain, priority: 50.0 | Game Menu Chain(on=true,p=-Infinity) UserTaskChain(on=true,p=50.0) Mob Defense(on=true,p=0.0) Death Menu Respawn Handling(on=true,p=-Infinity) Hand Stack Fix Chain(on=true,p=-Infinity) MLG Water Bucket Fall Chain(on=true,p=-Infinity) Unstuck Chain
  t=47s inGame=True hp=20.0 pos=-303.8,79.0,-550.4 items=0 busy=True d:pdEnter+481,mqStart+0,mqSteps+0,dbTick+478,rayMiss+0,leafCle+0
  TASK Description of current game pipeline that is selected: Current game tasks: Current Baritone executor task list (UserTaskChain task chain) | 1. Main task: <Beating the game (Miran version).> Priority: 400.00, Collecting resource: [[wooden_pickaxe]] | 1.1. Subtasks: <Get catalogued: {[wooden_pickaxe]}: [[wooden_pickaxe]]> Picking up (pickaxe first!) |  -> | 1.1.0. <Pickup Dropped Items: [[wooden_pickaxe]]> Collecting pickaxe first |  -> | 1.1.1. <Satisfy Mining Req: STONE>  |  -> | 1.1.2. <Doing stuff in crafting_table container: [[stone_pickaxe]]>  |  -> | 1.1.3. <Doing stuff in crafting_table container>  |  -> | 1.1.4. <Collect Recipe Resources: {Recipe{minecraft:stone_pickaxe}}> Getting cobblestone x 3 |  -> | 1.1.5. <Collect minecraft:cobblestone: [[cobblestone] x 3]> Picking up |  -> | 1.1.6. <Mine And Collect: [[cobblestone]]> Collecting a drop instead of crafting a tool for it |  -> | 1.1.7. <Mining or Collecting> Moving towards closest... |  -> | 1.1.8. <Destroy block at -305, 74, -551> Getting to block... |  -> | 1.1.9. <Getting to block class_2338{x=-305, y=74, z=-551}> Tungsten (primary) pathfinding...
  TARGET (-305,74,-551) is {'hardness': '1.50', 'replaceable': 'false', 'block': 'Í‡ÏÂÌ¸', 'position': '-305, 74, -551', 'id': 'minecraft:stone', 'is_air': 'false'}
  RUNNER active=true | Chain: UserTaskChain, priority: 50.0 | Game Menu Chain(on=true,p=-Infinity) UserTaskChain(on=true,p=50.0) Mob Defense(on=true,p=0.0) Death Menu Respawn Handling(on=true,p=-Infinity) Hand Stack Fix Chain(on=true,p=-Infinity) MLG Water Bucket Fall Chain(on=true,p=-Infinity) Unstuck Chain
  t=71s inGame=True hp=20.0 pos=-304.8,79.0,-550.5 items=0 busy=True d:pdEnter+471,mqStart+0,mqSteps+0,dbTick+471,rayMiss+0,leafCle+0
  TASK Description of current game pipeline that is selected: Current game tasks: Current Baritone executor task list (UserTaskChain task chain) | 1. Main task: <Beating the game (Miran version).> Priority: 400.00, Collecting resource: [[wooden_pickaxe]] | 1.1. Subtasks: <Get catalogued: {[wooden_pickaxe]}: [[wooden_pickaxe]]> Picking up (pickaxe first!) |  -> | 1.1.0. <Pickup Dropped Items: [[wooden_pickaxe]]> Collecting pickaxe first |  -> | 1.1.1. <Satisfy Mining Req: STONE>  |  -> | 1.1.2. <Doing stuff in crafting_table container: [[stone_pickaxe]]>  |  -> | 1.1.3. <Doing stuff in crafting_table container>  |  -> | 1.1.4. <Collect Recipe Resources: {Recipe{minecraft:stone_pickaxe}}> Getting cobblestone x 3 |  -> | 1.1.5. <Collect minecraft:cobblestone: [[cobblestone] x 3]> Picking up |  -> | 1.1.6. <Mine And Collect: [[cobblestone]]> Collecting a drop instead of crafting a tool for it |  -> | 1.1.7. <Mining or Collecting> Moving towards closest... |  -> | 1.1.8. <Destroy block at -306, 74, -551> Getting to block... |  -> | 1.1.9. <Getting to block class_2338{x=-306, y=74, z=-551}> Tungsten (primary) pathfinding...
  TARGET (-306,74,-551) is {'error': 'no world'}
  RUNNER active=true |  (no chain running)  | Game Menu Chain(on=true,p=-Infinity) UserTaskChain(on=true,p=50.0) Mob Defense(on=true,p=0.0) Death Menu Respawn Handling(on=true,p=-Infinity) Hand Stack Fix Chain(on=true,p=-Infinity) MLG Water Bucket Fall Chain(on=true,p=-Infinity) Unstuck Chain(on=true,p=-Infi
  t=94s inGame=False hp=None pos=None items=0 busy=False d:pdEnter+290,mqStart+0,mqSteps+0,dbTick+287,rayMiss+0,leafCle+0
  TASK Description of current game pipeline that is selected: Current game tasks: No tasks. Time to add new!
  RUNNER active=false |  (no chain running)  | Game Menu Chain(on=true,p=-Infinity) UserTaskChain(on=false,p=50.0) Mob Defense(on=true,p=0.0) Death Menu Respawn Handling(on=true,p=-Infinity) Hand Stack Fix Chain(on=true,p=-Infinity) MLG Water Bucket Fall Chain(on=true,p=-Infinity) Unstuck Chain(on=true,p=-In
  t=117s inGame=True hp=20.0 pos=-307.5,75.0,-1138.5 items=0 busy=True d:pdEnter+193,mqStart+4,mqSteps+4,dbTick+208,rayMiss+1,leafCle+15
  TASK Description of current game pipeline that is selected: Current game tasks: Current Baritone executor task list (UserTaskChain task chain) | 1. Main task: <Beating the game (Miran version).> Priority: 400.00, Collecting resource: [[wooden_pickaxe]] | 1.1. Subtasks: <Get catalogued: {[wooden_pickaxe]}: [[wooden_pickaxe]]>  |  -> | 1.1.0. <Doing stuff in crafting_table container: [[wooden_pickaxe]]>  |  -> | 1.1.1. <Doing stuff in crafting_table container> Getting container item |  -> | 1.1.2. <Craft 2x2 Task Recipe{minecraft:crafting_table}: [[crafting_table]]> Crafting in inventory... for [crafting_table] |  -> | 1.1.3. <Crafting: Recipe{minecraft:crafting_table}> Moving item to slot... |  -> | 1.1.4. <Moving planks to PlayerSlot{inventory slot = 4, window slot = 4}> 
  RUNNER active=true | Chain: UserTaskChain, priority: 50.0 | Game Menu Chain(on=true,p=-Infinity) UserTaskChain(on=true,p=50.0) Mob Defense(on=true,p=0.0) Death Menu Respawn Handling(on=true,p=-Infinity) Hand Stack Fix Chain(on=true,p=-Infinity) MLG Water Bucket Fall Chain(on=true,p=-Infinity) Unstuck Chain
  RUNG 'first craft' at 140.1s
  t=141s inGame=True hp=20.0 pos=-306.7,72.9,-1132.4 items=6 busy=True d:pdEnter+-1523,mqStart+-2,mqSteps+0,dbTick+-1391,rayMiss+2,leafCle+-15
  TASK Description of current game pipeline that is selected: Current game tasks: Current Baritone executor task list (UserTaskChain task chain) | 1. Main task: <Beating the game (Miran version).> Picking up the crafting table while we are at it. | 1.1. Subtasks: <Mine And Collect: [[crafting_table]]>  |  -> | 1.1.0. <Mining or Collecting>  |  -> | 1.1.1. <Destroy block at -305, 72, -1129> Block in range, mining...
  TARGET (-305,72,-1129) is {'hardness': '0.00', 'replaceable': 'true', 'block': '‚ÓÁ‰Ûı', 'position': '-305, 72, -1129', 'id': 'minecraft:air', 'is_air': 'true'}
  RUNNER active=true | Chain: UserTaskChain, priority: 50.0 | Game Menu Chain(on=true,p=-Infinity) UserTaskChain(on=true,p=50.0) Mob Defense(on=true,p=0.0) Death Menu Respawn Handling(on=true,p=-Infinity) Hand Stack Fix Chain(on=true,p=-Infinity) MLG Water Bucket Fall Chain(on=true,p=-Infinity) Unstuck Chain
  RUNG 'wood tools' at 164.1s
  t=165s inGame=True hp=20.0 pos=-305.4,72.0,-1128.6 items=6 busy=True d:pdEnter+16,mqStart+0,mqSteps+0,dbTick+153,rayMiss+0,leafCle+0
  TASK Description of current game pipeline that is selected: Current game tasks: Current Baritone executor task list (UserTaskChain task chain) | 1. Main task: <Beating the game (Miran version).> Priority: 410.00, Crafting Recipe{minecraft:stone_pickaxe} | 1.1. Subtasks: <Doing stuff in crafting_table container: [[stone_pickaxe]]>  |  -> | 1.1.0. <Doing stuff in crafting_table container>  |  -> | 1.1.1. <Collect Recipe Resources: {Recipe{minecraft:stone_pickaxe}}> Getting cobblestone x 3 |  -> | 1.1.2. <Collect minecraft:cobblestone: [[cobblestone] x 3]>  |  -> | 1.1.3. <Mine And Collect: [[cobblestone]]>  |  -> | 1.1.4. <Mining or Collecting>  |  -> | 1.1.5. <Destroy block at -305, 68, -1129> Getting to block... |  -> | 1.1.6. <Getting to block class_2338{x=-305, y=68, z=-1129}> Tungsten (primary) pathfinding...
  TARGET (-305,68,-1129) is {'hardness': '1.50', 'replaceable': 'false', 'block': 'Í‡ÏÂÌ¸', 'position': '-305, 68, -1129', 'id': 'minecraft:stone', 'is_air': 'false'}
  RUNNER active=true | Chain: UserTaskChain, priority: 50.0 | Game Menu Chain(on=true,p=-Infinity) UserTaskChain(on=true,p=50.0) Mob Defense(on=true,p=0.0) Death Menu Respawn Handling(on=true,p=-Infinity) Hand Stack Fix Chain(on=true,p=-Infinity) MLG Water Bucket Fall Chain(on=true,p=-Infinity) Unstuck Chain
  RUNG 'crafting' at 187.4s
  t=188s inGame=True hp=20.0 pos=-304.8,72.0,-1128.5 items=7 busy=True d:pdEnter+466,mqStart+0,mqSteps+0,dbTick+465,rayMiss+0,leafCle+1
  TASK Description of current game pipeline that is selected: Current game tasks: Current Baritone executor task list (UserTaskChain task chain) | 1. Main task: <Beating the game (Miran version).> Priority: 410.00, Crafting Recipe{minecraft:stone_pickaxe} | 1.1. Subtasks: <Doing stuff in crafting_table container: [[stone_pickaxe]]>  |  -> | 1.1.0. <Doing stuff in crafting_table container>  |  -> | 1.1.1. <Collect Recipe Resources: {Recipe{minecraft:stone_pickaxe}}> Getting cobblestone x 3 |  -> | 1.1.2. <Collect minecraft:cobblestone: [[cobblestone] x 3]>  |  -> | 1.1.3. <Mine And Collect: [[cobblestone]]>  |  -> | 1.1.4. <Mining or Collecting>  |  -> | 1.1.5. <Destroy block at -305, 68, -1128> Getting to block... |  -> | 1.1.6. <Getting to block class_2338{x=-305, y=68, z=-1128}> Tungsten (primary) pathfinding...
  TARGET (-305,68,-1128) is {'hardness': '1.50', 'replaceable': 'false', 'block': 'Í‡ÏÂÌ¸', 'position': '-305, 68, -1128', 'id': 'minecraft:stone', 'is_air': 'false'}
  RUNNER active=true | Chain: UserTaskChain, priority: 50.0 | Game Menu Chain(on=true,p=-Infinity) UserTaskChain(on=true,p=50.0) Mob Defense(on=true,p=0.0) Death Menu Respawn Handling(on=true,p=-Infinity) Hand Stack Fix Chain(on=true,p=-Infinity) MLG Water Bucket Fall Chain(on=true,p=-Infinity) Unstuck Chain
  t=211s inGame=True hp=20.0 pos=-304.4,72.0,-1127.2 items=7 busy=True d:pdEnter+469,mqStart+0,mqSteps+0,dbTick+469,rayMiss+0,leafCle+5
  TASK Description of current game pipeline that is selected: Current game tasks: Current Baritone executor task list (UserTaskChain task chain) | 1. Main task: <Beating the game (Miran version).> Priority: 410.00, Crafting Recipe{minecraft:stone_pickaxe} | 1.1. Subtasks: <Doing stuff in crafting_table container: [[stone_pickaxe]]>  |  -> | 1.1.0. <Doing stuff in crafting_table container>  |  -> | 1.1.1. <Collect Recipe Resources: {Recipe{minecraft:stone_pickaxe}}> Getting cobblestone x 3 |  -> | 1.1.2. <Collect minecraft:cobblestone: [[cobblestone] x 3]> Picking up |  -> | 1.1.3. <Pickup Dropped Items: [[cobblestone] x 3]>  |  -> | 1.1.4. <Approach entity entity.minecraft.item> Walking straight at it (navigation would not)
  RUNNER active=true | Chain: UserTaskChain, priority: 50.0 | Game Menu Chain(on=true,p=-Infinity) UserTaskChain(on=true,p=50.0) Mob Defense(on=true,p=0.0) Death Menu Respawn Handling(on=true,p=-Infinity) Hand Stack Fix Chain(on=true,p=-Infinity) MLG Water Bucket Fall Chain(on=true,p=-Infinity) Unstuck Chain
  t=234s inGame=True hp=20.0 pos=-304.6,70.0,-1125.7 items=9 busy=True d:pdEnter+38,mqStart+0,mqSteps+0,dbTick+128,rayMiss+8,leafCle+62
  TASK Description of current game pipeline that is selected: Current game tasks: Current Baritone executor task list (UserTaskChain task chain) | 1. Main task: <Beating the game (Miran version).> Priority: 410.00, Crafting Recipe{minecraft:stone_pickaxe} | 1.1. Subtasks: <Doing stuff in crafting_table container: [[stone_pickaxe]]>  |  -> | 1.1.0. <Doing stuff in crafting_table container>  |  -> | 1.1.1. <Collect Recipe Resources: {Recipe{minecraft:stone_pickaxe}}> Getting cobblestone x 3 |  -> | 1.1.2. <Collect minecraft:cobblestone: [[cobblestone] x 3]> Picking up |  -> | 1.1.3. <Pickup Dropped Items: [[cobblestone] x 3]> Wandering. |  -> | 1.1.4. <Wander for 5.0 blocks> Exploring.
  RUNNER active=true | Chain: UserTaskChain, priority: 50.0 | Game Menu Chain(on=true,p=-Infinity) UserTaskChain(on=true,p=50.0) Mob Defense(on=true,p=0.0) Death Menu Respawn Handling(on=true,p=-Infinity) Hand Stack Fix Chain(on=true,p=-Infinity) MLG Water Bucket Fall Chain(on=true,p=-Infinity) Unstuck Chain
  t=257s inGame=True hp=20.0 pos=-305.7,70.0,-1125.4 items=9 busy=True d:pdEnter+0,mqStart+0,mqSteps+0,dbTick+0,rayMiss+0,leafCle+0
  RUNNER active=true | Chain: UserTaskChain, priority: 50.0 | Game Menu Chain(on=true,p=-Infinity) UserTaskChain(on=true,p=50.0) Mob Defense(on=true,p=0.0) Death Menu Respawn Handling(on=true,p=-Infinity) Hand Stack Fix Chain(on=true,p=-Infinity) MLG Water Bucket Fall Chain(on=true,p=-Infinity) Unstuck Chain
  t=279s inGame=True hp=20.0 pos=-305.7,70.0,-1125.4 items=9 busy=True d:pdEnter+0,mqStart+0,mqSteps+0,dbTick+0,rayMiss+0,leafCle+0
  TASK Description of current game pipeline that is selected: Current game tasks: Current Baritone executor task list (UserTaskChain task chain) | 1. Main task: <Beating the game (Miran version).> Priority: 410.00, Crafting Recipe{minecraft:stone_pickaxe} | 1.1. Subtasks: <Doing stuff in crafting_table container: [[stone_pickaxe]]>  |  -> | 1.1.0. <Doing stuff in crafting_table container>  |  -> | 1.1.1. <Collect Recipe Resources: {Recipe{minecraft:stone_pickaxe}}> Getting cobblestone x 3 |  -> | 1.1.2. <Collect minecraft:cobblestone: [[cobblestone] x 3]> Picking up |  -> | 1.1.3. <Pickup Dropped Items: [[cobblestone] x 3]> Wandering. |  -> | 1.1.4. <Approach entity entity.minecraft.item> Tungsten locked (27s left)
  RUNNER active=true | Chain: UserTaskChain, priority: 50.0 | Game Menu Chain(on=true,p=-Infinity) UserTaskChain(on=true,p=50.0) Mob Defense(on=true,p=0.0) Death Menu Respawn Handling(on=true,p=-Infinity) Hand Stack Fix Chain(on=true,p=-Infinity) MLG Water Bucket Fall Chain(on=true,p=-Infinity) Unstuck Chain
  t=302s inGame=True hp=20.0 pos=-297.2,71.0,-1121.7 items=9 busy=True d:pdEnter+0,mqStart+0,mqSteps+0,dbTick+0,rayMiss+0,leafCle+0
  TASK Description of current game pipeline that is selected: Current game tasks: Current Baritone executor task list (UserTaskChain task chain) | 1. Main task: <Beating the game (Miran version).> Priority: 410.00, Crafting Recipe{minecraft:stone_pickaxe} | 1.1. Subtasks: <Doing stuff in crafting_table container: [[stone_pickaxe]]>  |  -> | 1.1.0. <Doing stuff in crafting_table container>  |  -> | 1.1.1. <Collect Recipe Resources: {Recipe{minecraft:stone_pickaxe}}> Getting cobblestone x 3 |  -> | 1.1.2. <Collect minecraft:cobblestone: [[cobblestone] x 3]> Picking up |  -> | 1.1.3. <Pickup Dropped Items: [[cobblestone] x 3]> Wandering. |  -> | 1.1.4. <Wander for 10.0 blocks> Exploring.
  RUNNER active=true | Chain: UserTaskChain, priority: 50.0 | Game Menu Chain(on=true,p=-Infinity) UserTaskChain(on=true,p=50.0) Mob Defense(on=true,p=0.0) Death Menu Respawn Handling(on=true,p=-Infinity) Hand Stack Fix Chain(on=true,p=-Infinity) MLG Water Bucket Fall Chain(on=true,p=-Infinity) Unstuck Chain
  t=325s inGame=True hp=20.0 pos=-297.2,71.0,-1121.7 items=9 busy=True d:pdEnter+0,mqStart+0,mqSteps+0,dbTick+0,rayMiss+0,leafCle+0
  RUNNER active=true | Chain: UserTaskChain, priority: 50.0 | Game Menu Chain(on=true,p=-Infinity) UserTaskChain(on=true,p=50.0) Mob Defense(on=true,p=0.0) Death Menu Respawn Handling(on=true,p=-Infinity) Hand Stack Fix Chain(on=true,p=-Infinity) MLG Water Bucket Fall Chain(on=true,p=-Infinity) Unstuck Chain
  LADDER STALLED: no new rung for 150s (last: crafting)
  stall evidence written to C:\repos\pet\unionclef\deploy\runner\freezes\stall_run2_ladder.txt
  t=350s inGame=True hp=20.0 pos=-297.2,71.0,-1121.7 items=9 busy=True d:pdEnter+0,mqStart+0,mqSteps+0,dbTick+0,rayMiss+0,leafCle+0
  RUNNER active=true | Chain: UserTaskChain, priority: 50.0 | Game Menu Chain(on=true,p=-Infinity) UserTaskChain(on=true,p=50.0) Mob Defense(on=true,p=0.0) Death Menu Respawn Handling(on=true,p=-Infinity) Hand Stack Fix Chain(on=true,p=-Infinity) MLG Water Bucket Fall Chain(on=true,p=-Infinity) Unstuck Chain
  STALLED: position unchanged for 3 polls at -297.2,71.0,-1121.7
  stall evidence written to C:\repos\pet\unionclef\deploy\runner\freezes\stall_run2.txt
  t=375s inGame=True hp=20.0 pos=-297.2,71.0,-1121.7 items=9 busy=True d:pdEnter+0,mqStart+0,mqSteps+0,dbTick+0,rayMiss+0,leafCle+0
  TASK Description of current game pipeline that is selected: Current game tasks: Current Baritone executor task list (UserTaskChain task chain) | 1. Main task: <Beating the game (Miran version).> Priority: 410.00, Crafting Recipe{minecraft:stone_pickaxe} | 1.1. Subtasks: <Doing stuff in crafting_table container: [[stone_pickaxe]]>  |  -> | 1.1.0. <Doing stuff in crafting_table container>  |  -> | 1.1.1. <Collect Recipe Resources: {Recipe{minecraft:stone_pickaxe}}> Getting cobblestone x 3 |  -> | 1.1.2. <Collect minecraft:cobblestone: [[cobblestone] x 3]> Picking up |  -> | 1.1.3. <Pickup Dropped Items: [[cobblestone] x 3]> Wandering. |  -> | 1.1.4. <Approach entity entity.minecraft.item> Tungsten locked (25s left)
  RUNNER active=true | Chain: UserTaskChain, priority: 50.0 | Game Menu Chain(on=true,p=-Infinity) UserTaskChain(on=true,p=50.0) Mob Defense(on=true,p=0.0) Death Menu Respawn Handling(on=true,p=-Infinity) Hand Stack Fix Chain(on=true,p=-Infinity) MLG Water Bucket Fall Chain(on=true,p=-Infinity) Unstuck Chain
  t=398s inGame=True hp=20.0 pos=-293.3,68.0,-1121.7 items=13 busy=True d:pdEnter+25,mqStart+0,mqSteps+0,dbTick+145,rayMiss+10,leafCle+64
  TASK Description of current game pipeline that is selected: Current game tasks: Current Baritone executor task list (UserTaskChain task chain) | 1. Main task: <Beating the game (Miran version).> Priority: 410.00, Crafting Recipe{minecraft:stone_pickaxe} | 1.1. Subtasks: <Doing stuff in crafting_table container: [[stone_pickaxe]]>  |  -> | 1.1.0. <Doing stuff in crafting_table container>  |  -> | 1.1.1. <Collect Recipe Resources: {Recipe{minecraft:stone_pickaxe}}> Getting cobblestone x 3 |  -> | 1.1.2. <Collect minecraft:cobblestone: [[cobblestone] x 3]> Picking up |  -> | 1.1.3. <Pickup Dropped Items: [[cobblestone] x 3]> Wandering. |  -> | 1.1.4. <Wander for 5.0 blocks> Exploring.
  RUNNER active=true | Chain: UserTaskChain, priority: 50.0 | Game Menu Chain(on=true,p=-Infinity) UserTaskChain(on=true,p=50.0) Mob Defense(on=true,p=0.0) Death Menu Respawn Handling(on=true,p=-Infinity) Hand Stack Fix Chain(on=true,p=-Infinity) MLG Water Bucket Fall Chain(on=true,p=-Infinity) Unstuck Chain
  t=421s inGame=True hp=20.0 pos=-293.3,68.0,-1121.7 items=13 busy=True d:pdEnter+0,mqStart+0,mqSteps+0,dbTick+0,rayMiss+0,leafCle+0
  RUNNER active=true | Chain: UserTaskChain, priority: 50.0 | Game Menu Chain(on=true,p=-Infinity) UserTaskChain(on=true,p=50.0) Mob Defense(on=true,p=0.0) Death Menu Respawn Handling(on=true,p=-Infinity) Hand Stack Fix Chain(on=true,p=-Infinity) MLG Water Bucket Fall Chain(on=true,p=-Infinity) Unstuck Chain
  t=444s inGame=True hp=20.0 pos=-293.3,68.0,-1121.7 items=13 busy=True d:pdEnter+0,mqStart+0,mqSteps+0,dbTick+0,rayMiss+0,leafCle+0
  RUNNER active=true | Chain: UserTaskChain, priority: 50.0 | Game Menu Chain(on=true,p=-Infinity) UserTaskChain(on=true,p=50.0) Mob Defense(on=true,p=0.0) Death Menu Respawn Handling(on=true,p=-Infinity) Hand Stack Fix Chain(on=true,p=-Infinity) MLG Water Bucket Fall Chain(on=true,p=-Infinity) Unstuck Chain
  STALLED: position unchanged for 3 polls at -293.3,68.0,-1121.7
  stall evidence written to C:\repos\pet\unionclef\deploy\runner\freezes\stall_run2.txt
  t=469s inGame=True hp=20.0 pos=-293.3,68.0,-1121.7 items=13 busy=True d:pdEnter+0,mqStart+0,mqSteps+0,dbTick+0,rayMiss+0,leafCle+0
  TASK Description of current game pipeline that is selected: Current game tasks: Current Baritone executor task list (UserTaskChain task chain) | 1. Main task: <Beating the game (Miran version).> Priority: 410.00, Crafting Recipe{minecraft:stone_pickaxe} | 1.1. Subtasks: <Doing stuff in crafting_table container: [[stone_pickaxe]]>  |  -> | 1.1.0. <Doing stuff in crafting_table container>  |  -> | 1.1.1. <Collect Recipe Resources: {Recipe{minecraft:stone_pickaxe}}> Getting cobblestone x 3 |  -> | 1.1.2. <Collect minecraft:cobblestone: [[cobblestone] x 3]> Picking up |  -> | 1.1.3. <Pickup Dropped Items: [[cobblestone] x 3]> Wandering. |  -> | 1.1.4. <Wander for 10.0 blocks> Exploring.
  RUNNER active=true | Chain: UserTaskChain, priority: 50.0 | Game Menu Chain(on=true,p=-Infinity) UserTaskChain(on=true,p=50.0) Mob Defense(on=true,p=0.0) Death Menu Respawn Handling(on=true,p=-Infinity) Hand Stack Fix Chain(on=true,p=-Infinity) MLG Water Bucket Fall Chain(on=true,p=-Infinity) Unstuck Chain
  t=491s inGame=True hp=20.0 pos=-293.3,68.0,-1121.7 items=13 busy=True d:pdEnter+0,mqStart+0,mqSteps+0,dbTick+0,rayMiss+0,leafCle+0
  RUNNER active=true | Chain: UserTaskChain, priority: 50.0 | Game Menu Chain(on=true,p=-Infinity) UserTaskChain(on=true,p=50.0) Mob Defense(on=true,p=0.0) Death Menu Respawn Handling(on=true,p=-Infinity) Hand Stack Fix Chain(on=true,p=-Infinity) MLG Water Bucket Fall Chain(on=true,p=-Infinity) Unstuck Chain
  t=513s inGame=True hp=20.0 pos=-293.3,68.0,-1121.7 items=13 busy=True d:pdEnter+0,mqStart+0,mqSteps+0,dbTick+0,rayMiss+0,leafCle+0
  RUNNER active=true | Chain: UserTaskChain, priority: 50.0 | Game Menu Chain(on=true,p=-Infinity) UserTaskChain(on=true,p=50.0) Mob Defense(on=true,p=0.0) Death Menu Respawn Handling(on=true,p=-Infinity) Hand Stack Fix Chain(on=true,p=-Infinity) MLG Water Bucket Fall Chain(on=true,p=-Infinity) Unstuck Chain
  t=536s inGame=True hp=20.0 pos=-293.3,68.0,-1121.7 items=13 busy=True d:pdEnter+0,mqStart+0,mqSteps+0,dbTick+0,rayMiss+0,leafCle+0
  TASK Description of current game pipeline that is selected: Current game tasks: Current Baritone executor task list (UserTaskChain task chain) | 1. Main task: <Beating the game (Miran version).> Priority: 410.00, Crafting Recipe{minecraft:stone_pickaxe} | 1.1. Subtasks: <Doing stuff in crafting_table container: [[stone_pickaxe]]>  |  -> | 1.1.0. <Doing stuff in crafting_table container>  |  -> | 1.1.1. <Collect Recipe Resources: {Recipe{minecraft:stone_pickaxe}}> Getting cobblestone x 3 |  -> | 1.1.2. <Collect minecraft:cobblestone: [[cobblestone] x 3]> Picking up |  -> | 1.1.3. <Pickup Dropped Items: [[cobblestone] x 3]> Wandering. |  -> | 1.1.4. <Wander for 5.0 blocks> Exploring.
  RUNNER active=true | Chain: UserTaskChain, priority: 50.0 | Game Menu Chain(on=true,p=-Infinity) UserTaskChain(on=true,p=50.0) Mob Defense(on=true,p=0.0) Death Menu Respawn Handling(on=true,p=-Infinity) Hand Stack Fix Chain(on=true,p=-Infinity) MLG Water Bucket Fall Chain(on=true,p=-Infinity) Unstuck Chain
  t=558s inGame=True hp=20.0 pos=-293.3,68.0,-1121.7 items=13 busy=True d:pdEnter+0,mqStart+0,mqSteps+0,dbTick+40,rayMiss+0,leafCle+0
  TASK Description of current game pipeline that is selected: Current game tasks: Current Baritone executor task list (UserTaskChain task chain) | 1. Main task: <Beating the game (Miran version).> Priority: 410.00, Crafting Recipe{minecraft:stone_pickaxe} | 1.1. Subtasks: <Doing stuff in crafting_table container: [[stone_pickaxe]]>  |  -> | 1.1.0. <Doing stuff in crafting_table container> Placing container |  -> | 1.1.1. <Place [Block{minecraft:crafting_table}] nearby> Wandering, will try to place again later. |  -> | 1.1.2. <Wander for 5.0 blocks> Exploring.
  RUNNER active=true | Chain: UserTaskChain, priority: 50.0 | Game Menu Chain(on=true,p=-Infinity) UserTaskChain(on=true,p=50.0) Mob Defense(on=true,p=0.0) Death Menu Respawn Handling(on=true,p=-Infinity) Hand Stack Fix Chain(on=true,p=-Infinity) MLG Water Bucket Fall Chain(on=true,p=-Infinity) Unstuck Chain
  t=581s inGame=True hp=20.0 pos=-293.3,67.0,-1121.7 items=15 busy=True d:pdEnter+0,mqStart+0,mqSteps+0,dbTick+16,rayMiss+0,leafCle+0
  RUNNER active=true | Chain: UserTaskChain, priority: 50.0 | Game Menu Chain(on=true,p=-Infinity) UserTaskChain(on=true,p=50.0) Mob Defense(on=true,p=0.0) Death Menu Respawn Handling(on=true,p=-Infinity) Hand Stack Fix Chain(on=true,p=-Infinity) MLG Water Bucket Fall Chain(on=true,p=-Infinity) Unstuck Chain
  t=603s inGame=True hp=20.0 pos=-293.3,67.0,-1121.7 items=15 busy=True d:pdEnter+0,mqStart+0,mqSteps+0,dbTick+0,rayMiss+0,leafCle+0
  deaths this run: 0 (bench /kill excluded: 1)
  end inv: {'nonEmpty': 6, 'items': 15, 'ids': ['minecraft:wooden_pickaxe', 'minecraft:crafting_table', 'minecraft:cobblestone', 'minecraft:dirt', 'minecraft:oak_planks', 'minecraft:stick']}
  queue stats: called=1212 deferred=0 inRange=1212 clicked=0 noSup=0/0/458 | mqStarted=2 mqSteps=4 mqBack=0 mqTimeout=0 mqTicks=19 step=0/0 pdEnter=1021 pdNotPrim=0 pdPillar=0 pdBridge=0 pdStuck=2 pdWalking=0 pdNear=1015 pdNoGoal=0 pdFinished=0 pdNoVec=0 pdStallWalk=0 pdStallReset=8 pdQueueShort=0 pdNearBusy=222 pdNearFind=85 pdPlan=1015/5/0 pdLegacy=0 pdLegacyTung=0/0 exArrived=76 exRanOut=11 exSprint=196/227 execYieldMiner=0 oreSeen=482/482/482 sleepDeclined=0 oreNear=2.9/8.4 nearLockDropped=0 unknownGoal=- dbTick=1564 dbUnreachMove=5 dbUnreachWater=0 dbUnreachPillager=0 dbNear=5 dbFar=0 dbDistSum=18 dbNearTick=1489 noReach=1131 air=10 hungry=0 unsafe=0 blockedBy=minecraft:grass_block dbTargetAir=0 rayLeaves=0 rayOther=1113 rayMiss=21 leafCleared=132 dbBlocked=981/0/0 dbNoRetreat=0 dbStepOver=0 dbApproachStall=0 dbBestDist=6 dbTargets=15/14 dbReachGoal=0 iw=0/6/1/0 cgTick=0 cgBig=0 cgInv=0 cgNoScreen=0 cgSent=0 cgOutReady=0 cgLastSent=- cgCraftable=0 cgNotCraftable=0 cgBookOk=0 cgBookNone=0 cgSmall=0 cgScreen=- ciTick=299 ciCollect=216 ciReceive=25 ciGrid=0 mdCalls=9616 mdWon=0 mdFlee=0 mdFight=0 mdRet=0/0/0/0/0/0/0/0/0/0 vgCalls=0 vgEdge=0 vgFall=0/0/0/0 rimBack=0 kbThrow=0/0/0/0 kbImp=0/0/0 shIssued=1277 shDropped=186 shBlack=0 shThrown=0 shKept=0 shRefresh=16/0 shWho=[PlayerInteractionFixChain:106x18 PlayerInteractionFixChain:86x1] fixKept=0 thrown=[spruce_stairsx19138 sandx9569 red_sandx9569 torchx9569 oak_saplingx9569] throwers=[BeatMinecraftTask:389x78 CraftInTableTask:146x13] dropPick=[cobblestone cost=4 dy=+0.2 of=1 next=-] deepPicks=81/0 dropBudget=1 pursuit=10/157s entBudget=0 gmDisc=0 gmRecSet=0 gmGuard=0 gmConn=0 shLastBlackSlot=-1 slotYeet=0 mqLost=0 mqStatusFail=0 mqRefused=0(short=0 vetoed=0) mqNoClass=0 mqNullEdge=0 mqExpand=0/0/0/0 mqExpandAt=- qRebased=0 qOffRoute=0 qUnreachReplan=0 gridCorner=2625 dbFarRetry=0/0 plan=118/6400/253ms/sz24/zero78(e0=0,e1=78,resc=0,snap=1,noSup=0,supNoKids=0,atGoal=78(ex78,ytol0)@block(-305,68,-1126)) cp=4/4/0/15/15 diag=0/4/0 navRes=0/0/0/0/0 navBridgeRescued=0 walkerHoleHeld=0 diagonalWalled=0 staleTail=0 ungagged=0 walkYield=0 walkYieldMiner=0 walkMode=9622/0/0 mqParkour=0 mqAdmitMismatch=0 qPrep=0/17 blindPrep=0 mqNull=0 gaveUp=1/0 mineRe=4@200cm/back0 dc=3443/3/0/0/0/none0/same2681/gave0/rst8@222cm/mv296-3147/idle0/still2276-871 mc=89/0/0/0/0 mcFlight=70 mcSwitch=8 toolSwap=0 recipesKnown=917 wander=6117 wanderMoved=1822 wanderChk=6071/46 wanderFail=10 wanderDenied=5391/0 wanderTung=135/15 emptyPathRefused=0 guideVanished=0/0 searchAborted=9 emit=87/303/87/0 tryEmit=687/87 goal=81547/5/agent[-306.4,74.0,-1135.6]->tgt[-306.1,74.0,-1133.8]d1.8 snap=1021/1014/7/self969 guide=n2 n0y67.0 n1[-293.5,67.0,-1121.5]d0.3 dy010.0 end[-293.5,67.0,-1121.5]toTgt32.2/idx32/relaxDrop0/fallChk1851447-0/smart0-0/resumeKept0/stopBy[TungstenHelper@600:528 CustomBaritoneGoalTask@609:8]/spared0/bsEnd[c82 t30 s0 x0]closest77cm bsIn[f0 s113 i205512] salvage=6/190 resetEmit=8/400 resetRefused=11 resetNoGain=18 children=2653506/297489/286441 rej=0/0/0/0 gen=2457088/2437327 sweepKept=0/0 salvageEmit=6/190 dbDenied=44 airProg=165 lavaEsc=0 lavaCond=0/9616 surv=9616/9616 tbl=95/14@1 bs=116/116/157/35@2263ms navUnsafeAir=0 sm=0/0 smWater=0 srch=5/0/0 fallRetry=6/3838 fallHarmless=0/0 fallPriced=0/0 gaveUpFallRetry=0 wallSkipRefused=0 gotoResumedFromSearch=0 drop=11227/1486/211 scan=18613/124/1488/0/0/0 navStop=0/0/4651 fleeSpot=0/0 lock=5/0/1@minecraft:cobblestone:2.7>3.1,m0.0,t0.5,h0.7,dy-3.0@bot[-292.55,71.00,-1121.61]|<Approach_entity_entity.minecraft.item>_Tung;minecraft:cobblestone:1.4>1.7,m0.0,t0.3,h1.7,dy+0.0@bot[-293.30,68.00,-1121.69]|<Approach_entity_entity.minecraft.item>_Tung;minecraft:cobblestone:1.7>1.7,m0.0,t0.0,h1.7,dy+0.0@bot[-293.30,68.00,-1121.69]|<Approach_entity_entity.minecraft.item>_Tung lockAnat=6644/1593/1431/0/0/3930/186 lockRetarget=7/4 cb=0/0/11017/0 avoidSrc=0/0/2/12@pos@DoCraftInTableTask.onTick:312/pos@DoCraftInTableTask.onTick:312 et=57307/57307 sprint=8/17 lowHp=0/0 standOff=0 hurt=0/0/0 hurtWin=0/0 diseng=0/0 ctl=0 cq=0/0/0 los=0/0/0/0 kaTung=0/0/0/0 dte=0/0/0/0/0/0/near0 mdTung=0/0 mdFleeStuck=0 mdFleeShooter=0 mdFar=0/0 arrows=0/0.00/0.00 draws=0/0/0/0.00 band=0/-1 dodgeYield=0 latch=0/0 breakFail=0/0/0/0/0 chains=[UserTaskChain:9616] stranded=0/dig0/own0/back0/away0/primary/200@5/primary/200 gp=9569/0/0/0/47 dodgeTask=0/0.00 dealt=0.0/0.0/9639 hitSize=0/0/0/0 takeSize=0/0/0/0 slotSync=0/0 critReset=0 stray=0/0 heldSwing=0 loseKite=0 holdBow=0 punkKept=0 swingHits=0 dodgeDrive=0 hop=0/0/0/0/0/0/0 mdPillarD=0 dmgTaken=0.0 dw=0/0.0/0.00/0.00/0/0 dwNoBlame=0 dmgWhy=0/0/0/0/0@0.0 strafe=0/0 voidEntries=2 voidTicks=2 lastFall=[pos=-300.2,71.4,-1123.4 vel=0.189,0.333,0.206 wasOnGround=true sneak=false punk=false flee=false bow=false exec=true walker=false] hits=0/0/0/0 hitRange=0.00/0.00 mdBow=0 bowShots=0 bowWild=0 bowNoSol=0 bowRestart=0 bowAimTO=0 bowDrawTO=0 bowBestMiss=-1.00 bowFacing=0 bowNoRoom=0 flee=0/0/0/0/0/0 qBurn=0 qTp=1 qNoMove=0 stuck=[-] staleRoot=88 | mvRequested=0 mvCooldown=0 mvNoHit=0 mvClicked=0 mvSteered=7 | mv=89/69/6/14/0 pnb=1081/1080/0/1 pnbExit=814/2/264/0 gateThrough=0 gateHeld=2052 queued=0 queuePlaced=0 entityReleased=5/1 idrop=23531/0/48/23531 rt=20840/1761/13743 entityCloseWalk=493/134/14/374/240/365/3 closeWalkGeom=251/0/0/242 deep=1/241/9 cwJump=0 cwSneakRel=0 cwLease=0 cwDeep=0 closeWalkFwd=252/241/0
  recent chat: ['ß2ßlßo[Tungsten] ßrGUIDE bot=(-293.3,67.0,-1121.7) n=2: (-293.5,67.0,-1121.5) (-293.5,67.0,-1121.5)', 'ß2ßlßo[Tungsten] ßrGUIDE bot=(-293.3,67.0,-1121.7) n=2: (-293.5,67.0,-1121.5) (-293.5,67.0,-1121.5)', 'ß2ßlßo[Tungsten] ßrSearchin...', 'ß2ßlßo[Tungsten] ßrSearchin...', 'ß2ßlßo[Tungsten] ßrblock path: no breaks/places (size 2)', 'ß2ßlßo[Tungsten] ßrblock path: no breaks/places (size 2)', 'ß2ßlßo[Tungsten] ßremit[resetSearch] root=(-293.30000001192093, 67.0, -1121.6917365781794) size=1', 'ß2ßlßo[Tungsten] ßremit[resetSearch] root=(-293.30000001192093, 67.0, -1121.6917365781794) size=1', 'ß2ßlßo[Tungsten] ßrRan out of nodes!', 'ß2ßlßo[Tungsten] ßrRan out of nodes!']

=== RESULTS ===
  responsive polls: 26, busy polls: 25, distinct positions: 13, items gained: 15
  ladder: first craft@140.1s, wood tools@164.1s, crafting@187.4s
  client fps (median): 29.0 over 26 samples
  PHASES total=653s rcon=1s(0%) connect=18s(3%) reset=18s(3%) start=9s(1%) watch=607s(93%)
  GAMER_SMOKE: PASS

=========== RUN 3/6 ===========
[1] wait gamer-server rcon...
  [ok] gamer rcon
[2] connect bot to gamer-server...
  [ok] bot in game (gamer)
  [ok] world loaded (bot has a position)
[2b] reset to a known start (kill -> respawn -> empty -> heal -> day)...
  [ok] bot respawned
  paired A/B start: spiral #41  (held for the B arm)
  fresh start #41: -308 150 -1139
  start has 108 log blocks within 40
  pair ground saved: -308 150 -1139
  start pos: -307.5,75.0,-1138.5 (pinned)
[3] tungsten-primary (SHIPPED DEFAULT) + @gamer...
  client fps before start: 23.0
  STAND FLAGS ON: allowBreak allowPlace avoidStuckAnvil avoidStuckFence barrenLockCountsAsFailure barrenStreakPerEntity botFpsNoIdleThrottle breakBanEscalates chaseUsesQueue closestPursuitHasBudget collectDropsBeforeTools combatMovementsEnabled combatReachControl combatRotatesEnabled combatSaverEnabled combatTriggerBotEnabled critReleasesSprint dropBudgetSurvivesTaskRebuild dropPursuitHasBudget emptyPathIsNotArrival enableNativeRotation enableParallelStreaming enablePitchChange entityCloseRangeWalk entitySearchMustMove entityWanderWhenNavRefuses fastBlockFirst followBlockPathFinderEnabled followJumpingEnabled gotoResumeNeedsRealTarget gridBfsRefusesCornerCut gridRouteMatchesQueueMoves guideDiesWithItsRelaxation legacyYieldsToWalker lockKeepsRouteWhileTargetStands navGroundCollisionCheck navStopOnTaskEnd navUsesQueue neverHandOffToLegacy pathAvoidsFallDamage planPlaceMoves planSnapsStartToSupport predictDamageFromBlocks queueClimbs queueDedupesRoute rerootMustExtendTheGuide resetPrefixNeedsMovement scanCheapTestFirst sleepNeedsAnObtainableBed stallCheckNeedsMovement toolsetYieldsToOre vanishedGuideSalvagesRoute verboseDebugLogging wanderKeepsWalkerKeys wanderUsesTungsten
  ARM B
  PIN unstuckWhenGoalButNoPath=true
  PIN VERIFIED unstuckWhenGoalButNoPath=true
  PIN unstuckWhenGoalButNoPath=false
  PIN RETRY 1 unstuckWhenGoalButNoPath=true
  PIN RETRY 2 unstuckWhenGoalButNoPath=true
  PIN RETRY 3 unstuckWhenGoalButNoPath=false
  PIN VERIFIED unstuckWhenGoalButNoPath=false
  shipped pathing flags: {'tungstenPrimary': True, 'ok': True}
  walker debug: {'r': "{'walkerDebug': True, 'ok': True}"}
  zero counters: {'r': "{'ok': True}"}
  start inv: {'nonEmpty': 0, 'items': 0, 'ids': []}
[4] watching 10.0 min for progress...
  TASK Description of current game pipeline that is selected: Current game tasks: Current Baritone executor task list (UserTaskChain task chain) | 1. Main task: <Beating the game (Miran version).> Priority: 400.00, Collecting resource: [[wooden_pickaxe]] | 1.1. Subtasks: <Get catalogued: {[wooden_pickaxe]}: [[wooden_pickaxe]]> Picking up |  -> | 1.1.0. <Pickup Dropped Items: [[wooden_pickaxe]]>  |  -> | 1.1.1. <Approach entity entity.minecraft.item> Tungsten locked (19s left)
  RUNNER active=true | Chain: UserTaskChain, priority: 50.0 | Game Menu Chain(on=true,p=-Infinity) UserTaskChain(on=true,p=50.0) Mob Defense(on=true,p=0.0) Death Menu Respawn Handling(on=true,p=-Infinity) Hand Stack Fix Chain(on=true,p=-Infinity) MLG Water Bucket Fall Chain(on=true,p=-Infinity) Unstuck Chain
  RUNG 'first craft' at 21.6s
  t=22s inGame=True hp=20.0 pos=-296.0,71.0,-1121.2 items=6 busy=True d:pdEnter+81,mqStart+4,mqSteps+18,dbTick+152,rayMiss+55,leafCle+3
  TASK Description of current game pipeline that is selected: Current game tasks: Current Baritone executor task list (UserTaskChain task chain) | 1. Main task: <Beating the game (Miran version).> Priority: 400.00, Collecting resource: [[wooden_pickaxe]] | 1.1. Subtasks: <Get catalogued: {[wooden_pickaxe]}: [[wooden_pickaxe]]> Picking up |  -> | 1.1.0. <Pickup Dropped Items: [[wooden_pickaxe]]> Wandering. |  -> | 1.1.1. <Wander for 5.0 blocks> Exploring.
  RUNNER active=true | Chain: UserTaskChain, priority: 50.0 | Game Menu Chain(on=true,p=-Infinity) UserTaskChain(on=true,p=50.0) Mob Defense(on=true,p=0.0) Death Menu Respawn Handling(on=true,p=-Infinity) Hand Stack Fix Chain(on=true,p=-Infinity) MLG Water Bucket Fall Chain(on=true,p=-Infinity) Unstuck Chain
  t=44s inGame=True hp=20.0 pos=-296.0,71.0,-1121.2 items=6 busy=True d:pdEnter+0,mqStart+0,mqSteps+0,dbTick+0,rayMiss+0,leafCle+0
  RUNNER active=true | Chain: UserTaskChain, priority: 50.0 | Game Menu Chain(on=true,p=-Infinity) UserTaskChain(on=true,p=50.0) Mob Defense(on=true,p=0.0) Death Menu Respawn Handling(on=true,p=-Infinity) Hand Stack Fix Chain(on=true,p=-Infinity) MLG Water Bucket Fall Chain(on=true,p=-Infinity) Unstuck Chain
  t=67s inGame=True hp=20.0 pos=-298.0,71.0,-1121.4 items=6 busy=True d:pdEnter+0,mqStart+0,mqSteps+0,dbTick+0,rayMiss+0,leafCle+0
  RUNNER active=true | Chain: UserTaskChain, priority: 50.0 | Game Menu Chain(on=true,p=-Infinity) UserTaskChain(on=true,p=50.0) Mob Defense(on=true,p=0.0) Death Menu Respawn Handling(on=true,p=-Infinity) Hand Stack Fix Chain(on=true,p=-Infinity) MLG Water Bucket Fall Chain(on=true,p=-Infinity) Unstuck Chain
  t=89s inGame=True hp=20.0 pos=-298.0,71.0,-1121.4 items=6 busy=True d:pdEnter+0,mqStart+0,mqSteps+0,dbTick+0,rayMiss+0,leafCle+0
  TASK Description of current game pipeline that is selected: Current game tasks: Current Baritone executor task list (UserTaskChain task chain) | 1. Main task: <Beating the game (Miran version).> Priority: 400.00, Collecting resource: [[wooden_pickaxe]] | 1.1. Subtasks: <Get catalogued: {[wooden_pickaxe]}: [[wooden_pickaxe]]> Picking up |  -> | 1.1.0. <Pickup Dropped Items: [[wooden_pickaxe]]> Waiting for calculations I think (wandering) |  -> | 1.1.1. <Approach entity entity.minecraft.item> Tungsten locked (25s left)
  RUNNER active=true | Chain: UserTaskChain, priority: 50.0 | Game Menu Chain(on=true,p=-Infinity) UserTaskChain(on=true,p=50.0) Mob Defense(on=true,p=0.0) Death Menu Respawn Handling(on=true,p=-Infinity) Hand Stack Fix Chain(on=true,p=-Infinity) MLG Water Bucket Fall Chain(on=true,p=-Infinity) Unstuck Chain
  t=113s inGame=True hp=20.0 pos=-298.0,73.0,-1119.3 items=6 busy=True d:pdEnter+28,mqStart+2,mqSteps+11,dbTick+28,rayMiss+15,leafCle+0
  TASK Description of current game pipeline that is selected: Current game tasks: No tasks. Time to add new!
  RUNNER active=false |  (no chain running)  | Game Menu Chain(on=true,p=-Infinity) UserTaskChain(on=false,p=50.0) Mob Defense(on=true,p=0.0) Death Menu Respawn Handling(on=true,p=-Infinity) Hand Stack Fix Chain(on=true,p=-Infinity) MLG Water Bucket Fall Chain(on=true,p=-Infinity) Unstuck Chain(on=true,p=-In
  t=135s inGame=True hp=20.0 pos=-308.5,74.0,-1138.5 items=0 busy=True d:pdEnter+66,mqStart+2,mqSteps+3,dbTick+66,rayMiss+61,leafCle+0
  TASK Description of current game pipeline that is selected: Current game tasks: Current Baritone executor task list (UserTaskChain task chain) | 1. Main task: <Beating the game (Miran version).> Priority: 400.00, Collecting resource: [[wooden_pickaxe]] | 1.1. Subtasks: <Get catalogued: {[wooden_pickaxe]}: [[wooden_pickaxe]]>  |  -> | 1.1.0. <Doing stuff in crafting_table container: [[wooden_pickaxe]]>  |  -> | 1.1.1. <Doing stuff in crafting_table container> Getting container item |  -> | 1.1.2. <Craft 2x2 Task Recipe{minecraft:crafting_table}: [[crafting_table]]> Crafting in inventory... for [crafting_table] |  -> | 1.1.3. <Crafting: Recipe{minecraft:crafting_table}> Moving item to slot... |  -> | 1.1.4. <Moving planks to PlayerSlot{inventory slot = 2, window slot = 2}> 
  RUNNER active=true | Chain: UserTaskChain, priority: 50.0 | Game Menu Chain(on=true,p=-Infinity) UserTaskChain(on=true,p=50.0) Mob Defense(on=true,p=0.0) Death Menu Respawn Handling(on=true,p=-Infinity) Hand Stack Fix Chain(on=true,p=-Infinity) MLG Water Bucket Fall Chain(on=true,p=-Infinity) Unstuck Chain
  t=157s inGame=True hp=20.0 pos=-318.7,72.1,-1133.5 items=6 busy=True d:pdEnter+-117,mqStart+-5,mqSteps+-16,dbTick+-28,rayMiss+-93,leafCle+16
  TASK Description of current game pipeline that is selected: Current game tasks: Current Baritone executor task list (UserTaskChain task chain) | 1. Main task: <Beating the game (Miran version).> Priority: 400.00, Collecting resource: [[wooden_pickaxe]] | 1.1. Subtasks: <Get catalogued: {[wooden_pickaxe]}: [[wooden_pickaxe]]>  |  -> | 1.1.0. <Doing stuff in crafting_table container: [[wooden_pickaxe]]>  |  -> | 1.1.1. <Doing stuff in crafting_table container> Walking to container... -321, 72, -1130 |  -> | 1.1.2. <Crafting: Recipe{minecraft:wooden_pickaxe}> Moving item to slot... |  -> | 1.1.3. <Moving planks to CraftingTableSlot{inventory slot = 0, window slot = 1}> 
  RUNNER active=true | Chain: UserTaskChain, priority: 50.0 | Game Menu Chain(on=true,p=-Infinity) UserTaskChain(on=true,p=50.0) Mob Defense(on=true,p=0.0) Death Menu Respawn Handling(on=true,p=-Infinity) Hand Stack Fix Chain(on=true,p=-Infinity) MLG Water Bucket Fall Chain(on=true,p=-Infinity) Unstuck Chain
  RUNG 'crafting' at 179.6s
  t=180s inGame=True hp=20.0 pos=-326.8,72.0,-1131.6 items=11 busy=True d:pdEnter+20,mqStart+1,mqSteps+10,dbTick+115,rayMiss+10,leafCle+26
  TASK Description of current game pipeline that is selected: Current game tasks: Current Baritone executor task list (UserTaskChain task chain) | 1. Main task: <Beating the game (Miran version).> Picking up the crafting table while we are at it. | 1.1. Subtasks: <Mine And Collect: [[crafting_table]]>  |  -> | 1.1.0. <Mining or Collecting>  |  -> | 1.1.1. <Pickup Dropped Items: [[crafting_table]]>  |  -> | 1.1.2. <Approach entity entity.minecraft.item> Failed to get to target, wandering for a bit. |  -> | 1.1.3. <Wander for 5.0 blocks> Exploring.
  RUNNER active=true | Chain: UserTaskChain, priority: 50.0 | Game Menu Chain(on=true,p=-Infinity) UserTaskChain(on=true,p=50.0) Mob Defense(on=true,p=0.0) Death Menu Respawn Handling(on=true,p=-Infinity) Hand Stack Fix Chain(on=true,p=-Infinity) MLG Water Bucket Fall Chain(on=true,p=-Infinity) Unstuck Chain
  RUNG 'wood tools' at 202.4s
  t=203s inGame=True hp=20.0 pos=-328.6,72.0,-1130.3 items=6 busy=True d:pdEnter+0,mqStart+0,mqSteps+0,dbTick+81,rayMiss+0,leafCle+0
  TASK Description of current game pipeline that is selected: Current game tasks: Current Baritone executor task list (UserTaskChain task chain) | 1. Main task: <Beating the game (Miran version).> Picking up the crafting table while we are at it. | 1.1. Subtasks: <Mine And Collect: [[crafting_table]]>  |  -> | 1.1.0. <Mining or Collecting>  |  -> | 1.1.1. <Pickup Dropped Items: [[crafting_table]]> Wandering. |  -> | 1.1.2. <Approach entity entity.minecraft.item> Going to entity
  RUNNER active=true | Chain: UserTaskChain, priority: 50.0 | Game Menu Chain(on=true,p=-Infinity) UserTaskChain(on=true,p=50.0) Mob Defense(on=true,p=0.0) Death Menu Respawn Handling(on=true,p=-Infinity) Hand Stack Fix Chain(on=true,p=-Infinity) MLG Water Bucket Fall Chain(on=true,p=-Infinity) Unstuck Chain
  t=226s inGame=True hp=20.0 pos=-334.9,72.0,-1156.4 items=6 busy=True d:pdEnter+0,mqStart+0,mqSteps+0,dbTick+0,rayMiss+0,leafCle+0
  RUNNER active=true | Chain: UserTaskChain, priority: 50.0 | Game Menu Chain(on=true,p=-Infinity) UserTaskChain(on=true,p=50.0) Mob Defense(on=true,p=0.0) Death Menu Respawn Handling(on=true,p=-Infinity) Hand Stack Fix Chain(on=true,p=-Infinity) MLG Water Bucket Fall Chain(on=true,p=-Infinity) Unstuck Chain
  t=249s inGame=True hp=20.0 pos=-329.6,72.8,-1148.1 items=6 busy=True d:pdEnter+0,mqStart+0,mqSteps+0,dbTick+0,rayMiss+0,leafCle+0
  TASK Description of current game pipeline that is selected: Current game tasks: Current Baritone executor task list (UserTaskChain task chain) | 1. Main task: <Beating the game (Miran version).> Picking up the crafting table while we are at it. | 1.1. Subtasks: <Mine And Collect: [[crafting_table]]>  |  -> | 1.1.0. <Mining or Collecting>  |  -> | 1.1.1. <Pickup Dropped Items: [[crafting_table]]> Wandering. |  -> | 1.1.2. <Wander for 10.0 blocks> Exploring.
  RUNNER active=true | Chain: UserTaskChain, priority: 50.0 | Game Menu Chain(on=true,p=-Infinity) UserTaskChain(on=true,p=50.0) Mob Defense(on=true,p=0.0) Death Menu Respawn Handling(on=true,p=-Infinity) Hand Stack Fix Chain(on=true,p=-Infinity) MLG Water Bucket Fall Chain(on=true,p=-Infinity) Unstuck Chain
  t=271s inGame=True hp=20.0 pos=-309.0,72.0,-1131.7 items=6 busy=True d:pdEnter+0,mqStart+0,mqSteps+0,dbTick+0,rayMiss+0,leafCle+0
  RUNNER active=true | Chain: UserTaskChain, priority: 50.0 | Game Menu Chain(on=true,p=-Infinity) UserTaskChain(on=true,p=50.0) Mob Defense(on=true,p=0.0) Death Menu Respawn Handling(on=true,p=-Infinity) Hand Stack Fix Chain(on=true,p=-Infinity) MLG Water Bucket Fall Chain(on=true,p=-Infinity) Unstuck Chain
  t=294s inGame=True hp=20.0 pos=-309.0,72.0,-1131.7 items=6 busy=True d:pdEnter+0,mqStart+0,mqSteps+0,dbTick+0,rayMiss+0,leafCle+0
  TASK Description of current game pipeline that is selected: Current game tasks: Current Baritone executor task list (UserTaskChain task chain) | 1. Main task: <Beating the game (Miran version).> Priority: 410.00, Crafting Recipe{minecraft:stone_pickaxe} | 1.1. Subtasks: <Doing stuff in crafting_table container: [[stone_pickaxe]]>  |  -> | 1.1.0. <Doing stuff in crafting_table container>  |  -> | 1.1.1. <Collect Recipe Resources: {Recipe{minecraft:stone_pickaxe}}> Getting cobblestone x 3 |  -> | 1.1.2. <Collect minecraft:cobblestone: [[cobblestone] x 3]>  |  -> | 1.1.3. <Mine And Collect: [[cobblestone]]>  |  -> | 1.1.4. <Mining or Collecting>  |  -> | 1.1.5. <Destroy block at -310, 68, -1132> Getting to block... |  -> | 1.1.6. <Getting to block class_2338{x=-310, y=68, z=-1132}> Tungsten (primary) pathfinding...
  TARGET (-310,68,-1132) is {'hardness': '1.50', 'replaceable': 'false', 'block': 'Í‡ÏÂÌ¸', 'position': '-310, 68, -1132', 'id': 'minecraft:stone', 'is_air': 'false'}
  RUNNER active=true | Chain: UserTaskChain, priority: 50.0 | Game Menu Chain(on=true,p=-Infinity) UserTaskChain(on=true,p=50.0) Mob Defense(on=true,p=0.0) Death Menu Respawn Handling(on=true,p=-Infinity) Hand Stack Fix Chain(on=true,p=-Infinity) MLG Water Bucket Fall Chain(on=true,p=-Infinity) Unstuck Chain
  t=316s inGame=True hp=20.0 pos=-309.8,72.0,-1131.4 items=7 busy=True d:pdEnter+216,mqStart+0,mqSteps+0,dbTick+216,rayMiss+0,leafCle+1
  TASK Description of current game pipeline that is selected: Current game tasks: Current Baritone executor task list (UserTaskChain task chain) | 1. Main task: <Beating the game (Miran version).> Priority: 410.00, Crafting Recipe{minecraft:stone_pickaxe} | 1.1. Subtasks: <Doing stuff in crafting_table container: [[stone_pickaxe]]>  |  -> | 1.1.0. <Doing stuff in crafting_table container>  |  -> | 1.1.1. <Collect Recipe Resources: {Recipe{minecraft:stone_pickaxe}}> Getting cobblestone x 3 |  -> | 1.1.2. <Collect minecraft:cobblestone: [[cobblestone] x 3]>  |  -> | 1.1.3. <Mine And Collect: [[cobblestone]]>  |  -> | 1.1.4. <Mining or Collecting> Trying out NEW pursuit |  -> | 1.1.5. <Destroy block at -317, 68, -1132> Getting to block... |  -> | 1.1.6. <Getting to block class_2338{x=-317, y=68, z=-1132}> Tungsten (primary) pathfinding...
  TARGET (-317,68,-1132) is {'hardness': '1.50', 'replaceable': 'false', 'block': 'Í‡ÏÂÌ¸', 'position': '-317, 68, -1132', 'id': 'minecraft:stone', 'is_air': 'false'}
  RUNNER active=true | Chain: UserTaskChain, priority: 50.0 | Game Menu Chain(on=true,p=-Infinity) UserTaskChain(on=true,p=50.0) Mob Defense(on=true,p=0.0) Death Menu Respawn Handling(on=true,p=-Infinity) Hand Stack Fix Chain(on=true,p=-Infinity) MLG Water Bucket Fall Chain(on=true,p=-Infinity) Unstuck Chain
  t=339s inGame=True hp=20.0 pos=-316.1,72.0,-1131.4 items=21 busy=True d:pdEnter+301,mqStart+0,mqSteps+0,dbTick+354,rayMiss+0,leafCle+29
  TASK Description of current game pipeline that is selected: Current game tasks: Current Baritone executor task list (UserTaskChain task chain) | 1. Main task: <Beating the game (Miran version).> Priority: 410.00, Crafting Recipe{minecraft:stone_pickaxe} | 1.1. Subtasks: <Doing stuff in crafting_table container: [[stone_pickaxe]]>  |  -> | 1.1.0. <Doing stuff in crafting_table container> Getting container item |  -> | 1.1.1. <Craft 2x2 Task Recipe{minecraft:crafting_table}: [[crafting_table]]> Collecting materials |  -> | 1.1.2. <Collect Recipe Resources: {Recipe{minecraft:crafting_table}}> Getting planks x 4 |  -> | 1.1.3. <Crafting 4 planks [minecraft:acacia_planks, minecraft:birch_planks, minecraft:crimson_planks, minecraft:dark_oak_planks, minecraft:oak_planks, minecraft:jungle_planks, minecraft:spruce_planks, m... |  -> | 1.1.4. <Mine And Collect: [[acacia_log,birch_log,dark_oak_log,oak_log,jungle_log,spruce_log,acacia_wood,birch_wood,dark_oak_wood,oak_wood,jungle_wood,spruce_wood,stripped_acacia_log,stripped_birch_log,s... |  -> | 1.1.5. <Mining or Collecting>  |  -> | 1.1.6. <Destroy block at -322, 73, -1137> Getting to block... |  -> | 1.1.7. <Getting to block class_2338{x=-322, y=73, z=-1137}> Tungsten (primary) planning...
  TARGET (-322,73,-1137) is {'hardness': '2.00', 'replaceable': 'false', 'block': '·Â∏ÁÓ‚ÓÂ ·Â‚ÌÓ', 'position': '-322, 73, -1137', 'id': 'minecraft:birch_log', 'is_air': 'false'}
  RUNNER active=true | Chain: UserTaskChain, priority: 50.0 | Game Menu Chain(on=true,p=-Infinity) UserTaskChain(on=true,p=50.0) Mob Defense(on=true,p=0.0) Death Menu Respawn Handling(on=true,p=-Infinity) Hand Stack Fix Chain(on=true,p=-Infinity) MLG Water Bucket Fall Chain(on=true,p=-Infinity) Unstuck Chain
  LADDER STALLED: no new rung for 150s (last: wood tools)
  stall evidence written to C:\repos\pet\unionclef\deploy\runner\freezes\stall_run3_ladder.txt
  t=365s inGame=True hp=20.0 pos=-323.3,68.0,-1134.4 items=34 busy=True d:pdEnter+178,mqStart+0,mqSteps+0,dbTick+328,rayMiss+8,leafCle+67
  TASK Description of current game pipeline that is selected: Current game tasks: Current Baritone executor task list (UserTaskChain task chain) | 1. Main task: <Beating the game (Miran version).> Priority: 410.00, Crafting Recipe{minecraft:stone_pickaxe} | 1.1. Subtasks: <Doing stuff in crafting_table container: [[stone_pickaxe]]>  |  -> | 1.1.0. <Doing stuff in crafting_table container> Getting container item |  -> | 1.1.1. <Craft 2x2 Task Recipe{minecraft:crafting_table}: [[crafting_table]]> Collecting materials |  -> | 1.1.2. <Collect Recipe Resources: {Recipe{minecraft:crafting_table}}> Getting planks x 4 |  -> | 1.1.3. <Crafting 4 planks [minecraft:acacia_planks, minecraft:birch_planks, minecraft:crimson_planks, minecraft:dark_oak_planks, minecraft:oak_planks, minecraft:jungle_planks, minecraft:spruce_planks, m... |  -> | 1.1.4. <Mine And Collect: [[acacia_log,birch_log,dark_oak_log,oak_log,jungle_log,spruce_log,acacia_wood,birch_wood,dark_oak_wood,oak_wood,jungle_wood,spruce_wood,stripped_acacia_log,stripped_birch_log,s... |  -> | 1.1.5. <Mining or Collecting>  |  -> | 1.1.6. <Destroy block at -322, 74, -1137> Getting to block... |  -> | 1.1.7. <Getting to block class_2338{x=-322, y=74, z=-1137}> Tungsten (primary) planning...
  TARGET (-322,74,-1137) is {'hardness': '2.00', 'replaceable': 'false', 'block': '·Â∏ÁÓ‚ÓÂ ·Â‚ÌÓ', 'position': '-322, 74, -1137', 'id': 'minecraft:birch_log', 'is_air': 'false'}
  RUNNER active=true | Chain: UserTaskChain, priority: 50.0 | Game Menu Chain(on=true,p=-Infinity) UserTaskChain(on=true,p=50.0) Mob Defense(on=true,p=0.0) Death Menu Respawn Handling(on=true,p=-Infinity) Hand Stack Fix Chain(on=true,p=-Infinity) MLG Water Bucket Fall Chain(on=true,p=-Infinity) Unstuck Chain
  t=387s inGame=True hp=20.0 pos=-323.7,67.0,-1134.7 items=35 busy=True d:pdEnter+409,mqStart+0,mqSteps+0,dbTick+408,rayMiss+0,leafCle+0
  TASK Description of current game pipeline that is selected: Current game tasks: Current Baritone executor task list (UserTaskChain task chain) | 1. Main task: <Beating the game (Miran version).> Priority: 410.00, Crafting Recipe{minecraft:stone_pickaxe} | 1.1. Subtasks: <Doing stuff in crafting_table container: [[stone_pickaxe]]>  |  -> | 1.1.0. <Doing stuff in crafting_table container> Getting container item |  -> | 1.1.1. <Craft 2x2 Task Recipe{minecraft:crafting_table}: [[crafting_table]]> Collecting materials |  -> | 1.1.2. <Collect Recipe Resources: {Recipe{minecraft:crafting_table}}> Getting planks x 4 |  -> | 1.1.3. <Crafting 4 planks [minecraft:acacia_planks, minecraft:birch_planks, minecraft:crimson_planks, minecraft:dark_oak_planks, minecraft:oak_planks, minecraft:jungle_planks, minecraft:spruce_planks, m... |  -> | 1.1.4. <Mine And Collect: [[acacia_log,birch_log,dark_oak_log,oak_log,jungle_log,spruce_log,acacia_wood,birch_wood,dark_oak_wood,oak_wood,jungle_wood,spruce_wood,stripped_acacia_log,stripped_birch_log,s... |  -> | 1.1.5. <Mining or Collecting>  |  -> | 1.1.6. <Destroy block at -330, 73, -1132> Getting to block... |  -> | 1.1.7. <Getting to block class_2338{x=-330, y=73, z=-1132}> Tungsten (primary) planning...
  TARGET (-330,73,-1132) is {'hardness': '2.00', 'replaceable': 'false', 'block': '·Â∏ÁÓ‚ÓÂ ·Â‚ÌÓ', 'position': '-330, 73, -1132', 'id': 'minecraft:birch_log', 'is_air': 'false'}
  RUNNER active=true | Chain: UserTaskChain, priority: 50.0 | Game Menu Chain(on=true,p=-Infinity) UserTaskChain(on=true,p=50.0) Mob Defense(on=true,p=0.0) Death Menu Respawn Handling(on=true,p=-Infinity) Hand Stack Fix Chain(on=true,p=-Infinity) MLG Water Bucket Fall Chain(on=true,p=-Infinity) Unstuck Chain
  t=410s inGame=True hp=20.0 pos=-323.3,67.0,-1134.3 items=35 busy=True d:pdEnter+356,mqStart+0,mqSteps+0,dbTick+354,rayMiss+0,leafCle+0
  TASK Description of current game pipeline that is selected: Current game tasks: Current Baritone executor task list (UserTaskChain task chain) | 1. Main task: <Beating the game (Miran version).> Priority: 410.00, Crafting Recipe{minecraft:stone_pickaxe} | 1.1. Subtasks: <Doing stuff in crafting_table container: [[stone_pickaxe]]>  |  -> | 1.1.0. <Doing stuff in crafting_table container> Getting container item |  -> | 1.1.1. <Craft 2x2 Task Recipe{minecraft:crafting_table}: [[crafting_table]]> Collecting materials |  -> | 1.1.2. <Collect Recipe Resources: {Recipe{minecraft:crafting_table}}> Getting planks x 4 |  -> | 1.1.3. <Crafting 4 planks [minecraft:acacia_planks, minecraft:birch_planks, minecraft:crimson_planks, minecraft:dark_oak_planks, minecraft:oak_planks, minecraft:jungle_planks, minecraft:spruce_planks, m... |  -> | 1.1.4. <Mine And Collect: [[acacia_log,birch_log,dark_oak_log,oak_log,jungle_log,spruce_log,acacia_wood,birch_wood,dark_oak_wood,oak_wood,jungle_wood,spruce_wood,stripped_acacia_log,stripped_birch_log,s... |  -> | 1.1.5. <Mining or Collecting>  |  -> | 1.1.6. <Destroy block at -334, 72, -1131> Getting to block... |  -> | 1.1.7. <Getting to block class_2338{x=-334, y=72, z=-1131}> Tungsten (primary) planning...
  TARGET (-334,72,-1131) is {'hardness': '2.00', 'replaceable': 'false', 'block': '·Â∏ÁÓ‚ÓÂ ·Â‚ÌÓ', 'position': '-334, 72, -1131', 'id': 'minecraft:birch_log', 'is_air': 'false'}
  RUNNER active=true | Chain: UserTaskChain, priority: 50.0 | Game Menu Chain(on=true,p=-Infinity) UserTaskChain(on=true,p=50.0) Mob Defense(on=true,p=0.0) Death Menu Respawn Handling(on=true,p=-Infinity) Hand Stack Fix Chain(on=true,p=-Infinity) MLG Water Bucket Fall Chain(on=true,p=-Infinity) Unstuck Chain
  t=433s inGame=True hp=20.0 pos=-323.3,67.0,-1134.3 items=35 busy=True d:pdEnter+354,mqStart+0,mqSteps+0,dbTick+352,rayMiss+0,leafCle+0
  TASK Description of current game pipeline that is selected: Current game tasks: Current Baritone executor task list (Unstuck Chain task chain) | 1. Main task: <Shimmying> 
  RUNNER active=true | Chain: Unstuck Chain, priority: 55.0 | Game Menu Chain(on=true,p=-Infinity) UserTaskChain(on=true,p=50.0) Mob Defense(on=true,p=0.0) Death Menu Respawn Handling(on=true,p=-Infinity) Hand Stack Fix Chain(on=true,p=-Infinity) MLG Water Bucket Fall Chain(on=true,p=-Infinity) Unstuck Chain
  t=455s inGame=True hp=20.0 pos=-323.3,67.0,-1134.3 items=35 busy=True d:pdEnter+305,mqStart+0,mqSteps+0,dbTick+303,rayMiss+0,leafCle+0
  RUNNER active=true | Chain: Unstuck Chain, priority: 55.0 | Game Menu Chain(on=true,p=-Infinity) UserTaskChain(on=true,p=50.0) Mob Defense(on=true,p=0.0) Death Menu Respawn Handling(on=true,p=-Infinity) Hand Stack Fix Chain(on=true,p=-Infinity) MLG Water Bucket Fall Chain(on=true,p=-Infinity) Unstuck Chain
  STALLED: position unchanged for 3 polls at -323.3,67.0,-1134.3
  stall evidence written to C:\repos\pet\unionclef\deploy\runner\freezes\stall_run3.txt
  t=480s inGame=True hp=20.0 pos=-323.3,67.0,-1134.3 items=35 busy=True d:pdEnter+301,mqStart+0,mqSteps+0,dbTick+299,rayMiss+0,leafCle+0
  TASK Description of current game pipeline that is selected: Current game tasks: Current Baritone executor task list (UserTaskChain task chain) | 1. Main task: <Beating the game (Miran version).> Priority: 410.00, Crafting Recipe{minecraft:stone_pickaxe} | 1.1. Subtasks: <Doing stuff in crafting_table container: [[stone_pickaxe]]>  |  -> | 1.1.0. <Doing stuff in crafting_table container> Getting container item |  -> | 1.1.1. <Craft 2x2 Task Recipe{minecraft:crafting_table}: [[crafting_table]]> Collecting materials |  -> | 1.1.2. <Collect Recipe Resources: {Recipe{minecraft:crafting_table}}> Getting planks x 4 |  -> | 1.1.3. <Crafting 4 planks [minecraft:acacia_planks, minecraft:birch_planks, minecraft:crimson_planks, minecraft:dark_oak_planks, minecraft:oak_planks, minecraft:jungle_planks, minecraft:spruce_planks, m... |  -> | 1.1.4. <Mine And Collect: [[acacia_log,birch_log,dark_oak_log,oak_log,jungle_log,spruce_log,acacia_wood,birch_wood,dark_oak_wood,oak_wood,jungle_wood,spruce_wood,stripped_acacia_log,stripped_birch_log,s... |  -> | 1.1.5. <Mining or Collecting>  |  -> | 1.1.6. <Destroy block at -325, 73, -1143> Getting to block... |  -> | 1.1.7. <Getting to block class_2338{x=-325, y=73, z=-1143}> Tungsten (primary) planning...
  TARGET (-325,73,-1143) is {'hardness': '2.00', 'replaceable': 'false', 'block': '·Â∏ÁÓ‚ÓÂ ·Â‚ÌÓ', 'position': '-325, 73, -1143', 'id': 'minecraft:birch_log', 'is_air': 'false'}
  RUNNER active=true | Chain: UserTaskChain, priority: 50.0 | Game Menu Chain(on=true,p=-Infinity) UserTaskChain(on=true,p=50.0) Mob Defense(on=true,p=0.0) Death Menu Respawn Handling(on=true,p=-Infinity) Hand Stack Fix Chain(on=true,p=-Infinity) MLG Water Bucket Fall Chain(on=true,p=-Infinity) Unstuck Chain
  t=503s inGame=True hp=20.0 pos=-323.3,67.0,-1134.3 items=35 busy=True d:pdEnter+401,mqStart+0,mqSteps+0,dbTick+399,rayMiss+0,leafCle+0
  TASK Description of current game pipeline that is selected: Current game tasks: Current Baritone executor task list (UserTaskChain task chain) | 1. Main task: <Beating the game (Miran version).> Priority: 410.00, Crafting Recipe{minecraft:stone_pickaxe} | 1.1. Subtasks: <Doing stuff in crafting_table container: [[stone_pickaxe]]>  |  -> | 1.1.0. <Doing stuff in crafting_table container> Getting container item |  -> | 1.1.1. <Craft 2x2 Task Recipe{minecraft:crafting_table}: [[crafting_table]]> Collecting materials |  -> | 1.1.2. <Collect Recipe Resources: {Recipe{minecraft:crafting_table}}> Getting planks x 4 |  -> | 1.1.3. <Crafting 4 planks [minecraft:acacia_planks, minecraft:birch_planks, minecraft:crimson_planks, minecraft:dark_oak_planks, minecraft:oak_planks, minecraft:jungle_planks, minecraft:spruce_planks, m... |  -> | 1.1.4. <Mine And Collect: [[acacia_log,birch_log,dark_oak_log,oak_log,jungle_log,spruce_log,acacia_wood,birch_wood,dark_oak_wood,oak_wood,jungle_wood,spruce_wood,stripped_acacia_log,stripped_birch_log,s... |  -> | 1.1.5. <Mining or Collecting>  |  -> | 1.1.6. <Destroy block at -326, 72, -1147> Getting to block... |  -> | 1.1.7. <Getting to block class_2338{x=-326, y=72, z=-1147}> Tungsten (primary) planning...
  TARGET (-326,72,-1147) is {'hardness': '2.00', 'replaceable': 'false', 'block': '·Â∏ÁÓ‚ÓÂ ·Â‚ÌÓ', 'position': '-326, 72, -1147', 'id': 'minecraft:birch_log', 'is_air': 'false'}
  RUNNER active=true | Chain: UserTaskChain, priority: 50.0 | Game Menu Chain(on=true,p=-Infinity) UserTaskChain(on=true,p=50.0) Mob Defense(on=true,p=0.0) Death Menu Respawn Handling(on=true,p=-Infinity) Hand Stack Fix Chain(on=true,p=-Infinity) MLG Water Bucket Fall Chain(on=true,p=-Infinity) Unstuck Chain
  t=526s inGame=True hp=20.0 pos=-323.3,67.0,-1134.3 items=35 busy=True d:pdEnter+357,mqStart+0,mqSteps+0,dbTick+354,rayMiss+0,leafCle+0
  TASK Description of current game pipeline that is selected: Current game tasks: Current Baritone executor task list (UserTaskChain task chain) | 1. Main task: <Beating the game (Miran version).> Priority: 410.00, Crafting Recipe{minecraft:stone_pickaxe} | 1.1. Subtasks: <Doing stuff in crafting_table container: [[stone_pickaxe]]>  |  -> | 1.1.0. <Doing stuff in crafting_table container> Getting container item |  -> | 1.1.1. <Craft 2x2 Task Recipe{minecraft:crafting_table}: [[crafting_table]]> Collecting materials |  -> | 1.1.2. <Collect Recipe Resources: {Recipe{minecraft:crafting_table}}> Getting planks x 4 |  -> | 1.1.3. <Crafting 4 planks [minecraft:acacia_planks, minecraft:birch_planks, minecraft:crimson_planks, minecraft:dark_oak_planks, minecraft:oak_planks, minecraft:jungle_planks, minecraft:spruce_planks, m... |  -> | 1.1.4. <Mine And Collect: [[acacia_log,birch_log,dark_oak_log,oak_log,jungle_log,spruce_log,acacia_wood,birch_wood,dark_oak_wood,oak_wood,jungle_wood,spruce_wood,stripped_acacia_log,stripped_birch_log,s... |  -> | 1.1.5. <Mining or Collecting>  |  -> | 1.1.6. <Destroy block at -320, 74, -1132> Getting to block... |  -> | 1.1.7. <Getting to block class_2338{x=-320, y=74, z=-1132}> Tungsten (primary) planning...
  TARGET (-320,74,-1132) is {'hardness': '2.00', 'replaceable': 'false', 'block': '·Â∏ÁÓ‚ÓÂ ·Â‚ÌÓ', 'position': '-320, 74, -1132', 'id': 'minecraft:birch_log', 'is_air': 'false'}
  RUNNER active=true | Chain: UserTaskChain, priority: 50.0 | Game Menu Chain(on=true,p=-Infinity) UserTaskChain(on=true,p=50.0) Mob Defense(on=true,p=0.0) Death Menu Respawn Handling(on=true,p=-Infinity) Hand Stack Fix Chain(on=true,p=-Infinity) MLG Water Bucket Fall Chain(on=true,p=-Infinity) Unstuck Chain
  t=548s inGame=True hp=20.0 pos=-323.3,67.0,-1134.3 items=35 busy=True d:pdEnter+356,mqStart+0,mqSteps+0,dbTick+353,rayMiss+0,leafCle+0
  TASK Description of current game pipeline that is selected: Current game tasks: Current Baritone executor task list (UserTaskChain task chain) | 1. Main task: <Beating the game (Miran version).> Priority: 410.00, Crafting Recipe{minecraft:stone_pickaxe} | 1.1. Subtasks: <Doing stuff in crafting_table container: [[stone_pickaxe]]>  |  -> | 1.1.0. <Doing stuff in crafting_table container> Getting container item |  -> | 1.1.1. <Craft 2x2 Task Recipe{minecraft:crafting_table}: [[crafting_table]]> Collecting materials |  -> | 1.1.2. <Collect Recipe Resources: {Recipe{minecraft:crafting_table}}> Getting planks x 4 |  -> | 1.1.3. <Crafting 4 planks [minecraft:acacia_planks, minecraft:birch_planks, minecraft:crimson_planks, minecraft:dark_oak_planks, minecraft:oak_planks, minecraft:jungle_planks, minecraft:spruce_planks, m... |  -> | 1.1.4. <Mine And Collect: [[acacia_log,birch_log,dark_oak_log,oak_log,jungle_log,spruce_log,acacia_wood,birch_wood,dark_oak_wood,oak_wood,jungle_wood,spruce_wood,stripped_acacia_log,stripped_birch_log,s... |  -> | 1.1.5. <Mining or Collecting>  |  -> | 1.1.6. <Destroy block at -318, 74, -1135> Getting to block... |  -> | 1.1.7. <Getting to block class_2338{x=-318, y=74, z=-1135}> Tungsten (primary) planning...
  TARGET (-318,74,-1135) is {'hardness': '2.00', 'replaceable': 'false', 'block': '‰Û·Ó‚ÓÂ ·Â‚ÌÓ', 'position': '-318, 74, -1135', 'id': 'minecraft:oak_log', 'is_air': 'false'}
  RUNNER active=true | Chain: UserTaskChain, priority: 50.0 | Game Menu Chain(on=true,p=-Infinity) UserTaskChain(on=true,p=50.0) Mob Defense(on=true,p=0.0) Death Menu Respawn Handling(on=true,p=-Infinity) Hand Stack Fix Chain(on=true,p=-Infinity) MLG Water Bucket Fall Chain(on=true,p=-Infinity) Unstuck Chain
  t=571s inGame=True hp=20.0 pos=-323.3,67.0,-1134.3 items=35 busy=True d:pdEnter+355,mqStart+0,mqSteps+0,dbTick+353,rayMiss+0,leafCle+0
  TASK Description of current game pipeline that is selected: Current game tasks: Current Baritone executor task list (UserTaskChain task chain) | 1. Main task: <Beating the game (Miran version).> Priority: 410.00, Crafting Recipe{minecraft:stone_pickaxe} | 1.1. Subtasks: <Doing stuff in crafting_table container: [[stone_pickaxe]]>  |  -> | 1.1.0. <Doing stuff in crafting_table container> Getting container item |  -> | 1.1.1. <Craft 2x2 Task Recipe{minecraft:crafting_table}: [[crafting_table]]> Collecting materials |  -> | 1.1.2. <Collect Recipe Resources: {Recipe{minecraft:crafting_table}}> Getting planks x 4 |  -> | 1.1.3. <Crafting 4 planks [minecraft:acacia_planks, minecraft:birch_planks, minecraft:crimson_planks, minecraft:dark_oak_planks, minecraft:oak_planks, minecraft:jungle_planks, minecraft:spruce_planks, m... |  -> | 1.1.4. <Mine And Collect: [[acacia_log,birch_log,dark_oak_log,oak_log,jungle_log,spruce_log,acacia_wood,birch_wood,dark_oak_wood,oak_wood,jungle_wood,spruce_wood,stripped_acacia_log,stripped_birch_log,s... |  -> | 1.1.5. <Mining or Collecting>  |  -> | 1.1.6. <Destroy block at -322, 75, -1137> Getting to block... |  -> | 1.1.7. <Getting to block class_2338{x=-322, y=75, z=-1137}> Tungsten (primary) planning...
  TARGET (-322,75,-1137) is {'hardness': '2.00', 'replaceable': 'false', 'block': '·Â∏ÁÓ‚ÓÂ ·Â‚ÌÓ', 'position': '-322, 75, -1137', 'id': 'minecraft:birch_log', 'is_air': 'false'}
  RUNNER active=true | Chain: UserTaskChain, priority: 50.0 | Game Menu Chain(on=true,p=-Infinity) UserTaskChain(on=true,p=50.0) Mob Defense(on=true,p=0.0) Death Menu Respawn Handling(on=true,p=-Infinity) Hand Stack Fix Chain(on=true,p=-Infinity) MLG Water Bucket Fall Chain(on=true,p=-Infinity) Unstuck Chain
  t=594s inGame=True hp=20.0 pos=-323.3,67.0,-1134.3 items=35 busy=True d:pdEnter+337,mqStart+0,mqSteps+0,dbTick+335,rayMiss+0,leafCle+0
  TASK Description of current game pipeline that is selected: Current game tasks: Current Baritone executor task list (Unstuck Chain task chain) | 1. Main task: <Shimmying> 
  RUNNER active=true | Chain: Unstuck Chain, priority: 55.0 | Game Menu Chain(on=true,p=-Infinity) UserTaskChain(on=true,p=50.0) Mob Defense(on=true,p=0.0) Death Menu Respawn Handling(on=true,p=-Infinity) Hand Stack Fix Chain(on=true,p=-Infinity) MLG Water Bucket Fall Chain(on=true,p=-Infinity) Unstuck Chain
  t=616s inGame=True hp=20.0 pos=-323.3,67.0,-1134.3 items=35 busy=True d:pdEnter+301,mqStart+0,mqSteps+0,dbTick+299,rayMiss+0,leafCle+0
  deaths this run: 0 (bench /kill excluded: 1)
  end inv: {'nonEmpty': 6, 'items': 35, 'ids': ['minecraft:leaf_litter', 'minecraft:cobblestone', 'minecraft:wooden_pickaxe', 'minecraft:dirt', 'minecraft:oak_planks', 'minecraft:stick']}
  queue stats: called=4804 deferred=0 inRange=4804 clicked=0 noSup=0/0/507 | mqStarted=4 mqSteps=26 mqBack=0 mqTimeout=0 mqTicks=134 step=0/0 pdEnter=4627 pdNotPrim=0 pdPillar=0 pdBridge=0 pdStuck=12 pdWalking=0 pdNear=622 pdNoGoal=0 pdFinished=0 pdNoVec=0 pdStallWalk=0 pdStallReset=43 pdQueueShort=0 pdNearBusy=139 pdNearFind=54 pdPlan=622/3/0 pdLegacy=0 pdLegacyTung=0/0 exArrived=46 exRanOut=27 exSprint=342/393 execYieldMiner=0 oreSeen=482/482/482 sleepDeclined=0 oreNear=3.1/4.8 nearLockDropped=0 unknownGoal=- dbTick=5143 dbUnreachMove=16 dbUnreachWater=0 dbUnreachPillager=0 dbNear=3 dbFar=13 dbDistSum=146 dbNearTick=1131 noReach=748 air=13 hungry=0 unsafe=0 blockedBy=minecraft:dirt dbTargetAir=0 rayLeaves=69 rayOther=4604 rayMiss=56 leafCleared=142 dbBlocked=598/0/0 dbNoRetreat=0 dbStepOver=0 dbApproachStall=0 dbBestDist=5 dbTargets=30/14 dbReachGoal=0 iw=0/0/1/0 cgTick=0 cgBig=0 cgInv=0 cgNoScreen=0 cgSent=0 cgOutReady=0 cgLastSent=- cgCraftable=0 cgNotCraftable=0 cgBookOk=0 cgBookNone=0 cgSmall=0 cgScreen=- ciTick=4199 ciCollect=4121 ciReceive=25 ciGrid=0 mdCalls=9618 mdWon=0 mdFlee=0 mdFight=0 mdRet=0/0/0/0/0/0/0/0/0/0 vgCalls=0 vgEdge=0 vgFall=0/0/0/0 rimBack=0 kbThrow=0/0/0/0 kbImp=0/0/0 shIssued=2575 shDropped=191 shBlack=9 shThrown=15 shKept=0 shRefresh=16/0 shWho=[PlayerInteractionFixChain:86x20 PlayerInteractionFixChain:106x18 CraftInTableTask:146x2] fixKept=0 thrown=[spruce_stairsx15710 sandx7855 red_sandx7855 torchx7855 oak_saplingx7855] throwers=[BeatMinecraftTask:389x79 CraftInTableTask:146x31] dropPick=[oak_planks cost=194 dy=-17.0 of=1 next=-] deepPicks=943/0 dropBudget=1 pursuit=7/120s entBudget=0 gmDisc=0 gmRecSet=0 gmGuard=0 gmConn=0 shLastBlackSlot=38 slotYeet=0 mqLost=0 mqStatusFail=0 mqRefused=0(short=0 vetoed=0) mqNoClass=0 mqNullEdge=0 mqExpand=0/0/0/0 mqExpandAt=- qRebased=0 qOffRoute=0 qUnreachReplan=0 gridCorner=30936 dbFarRetry=0/0 plan=351/745/9ms/sz16/zero60(e0=0,e1=60,resc=0,snap=3,noSup=0,supNoKids=0,atGoal=60(ex60,ytol0)@block(-324,68,-1135)) cp=3981/30/3909/4386/4386 diag=0/38/20 navRes=8/0/0/0/8 navBridgeRescued=0 walkerHoleHeld=0 diagonalWalled=0 staleTail=0 ungagged=0 walkYield=7 walkYieldMiner=0 walkMode=9349/159/0 mqParkour=0 mqAdmitMismatch=0 qPrep=0/130 blindPrep=0 mqNull=0 gaveUp=0/0 mineRe=6@100cm/back1 dc=9044/5/1/0/0/none0/same8247/gave1/rst23@948cm/mv553-8491/idle2/still1518-6973 mc=84/0/0/0/0 mcFlight=70 mcSwitch=8 toolSwap=0 recipesKnown=917 wander=1170 wanderMoved=2513 wanderChk=1163/7 wanderFail=7 wanderDenied=855/0 wanderTung=131/5 emptyPathRefused=0 guideVanished=0/0 searchAborted=8 emit=57/558/55/2 tryEmit=2330/57 goal=61975/1/agent[-314.0,73.0,-1143.0]->tgt[-314.5,73.0,-1143.5]d0.7 snap=4627/4627/0/self598 guide=n2 n0y68.0 n1[-323.5,68.0,-1134.5]d0.2 dy010.0 end[-323.5,68.0,-1134.5]toTgt1.0/idx33/relaxDrop0/fallChk819356-0/smart0-0/resumeKept0/stopBy[TungstenHelper@600:76 CustomBaritoneGoalTask@609:43 CustomBaritoneGoalTask@521:12]/spared0/bsEnd[c297 t2 s0 x0]closest96cm bsIn[f0 s299 i89337] salvage=4/139 resetEmit=5/453 resetRefused=242 resetNoGain=247 children=1167952/165747/165744 rej=0/0/0/0 gen=1017904/1010772 sweepKept=0/0 salvageEmit=4/139 dbDenied=42 airProg=171 lavaEsc=0 lavaCond=0/9618 surv=9618/9618 tbl=11810/2@3 bs=129/129/173/153@2669ms navUnsafeAir=0 sm=0/0 smWater=0 srch=121/0/0 fallRetry=122/21 fallHarmless=0/0 fallPriced=0/0 gaveUpFallRetry=0 wallSkipRefused=0 gotoResumedFromSearch=0 drop=13139/2520/197 scan=76617/24350/0/0/0/0 navStop=0/0/925 fleeSpot=0/0 lock=2/1/0@minecraft:crafting_table:1.1>8.5,m7.4,t0.9,h8.5,dy+0.0@bot[-328.63,72.00,-1130.26]|<Approach_entity_entity.minecraft.item>_Tung;minecraft:crafting_table:8.5>8.5,m0.0,t0.0,h8.5,dy+0.0@bot[-328.63,72.00,-1130.26]|<Approach_entity_entity.minecraft.item>_Bari lockAnat=1663/729/174/146/0/712/181 lockRetarget=3/0 cb=0/0/5616/0 avoidSrc=18/0/2/138@pos@DoCraftInTableTask.onTick:312/pos@DoCraftInTableTask.onTick:312 et=72864/72838 sprint=92/130 lowHp=0/0 standOff=0 hurt=0/0/0 hurtWin=0/0 diseng=0/0 ctl=0 cq=0/0/0 los=0/0/0/0 kaTung=0/0/0/0 dte=0/0/0/0/0/0/near0 mdTung=0/0 mdFleeStuck=0 mdFleeShooter=0 mdFar=0/0 arrows=0/0.00/0.00 draws=0/0/0/0.00 band=0/-1 dodgeYield=0 latch=0/0 breakFail=0/0/0/0/0 chains=[UserTaskChain:7902 UnstuckChain:1716] stranded=22/dig11/own1716/back15/away3/primary/200@122/primary/200 gp=9571/0/0/0/47 dodgeTask=0/0.00 dealt=0.0/0.0/9638 hitSize=0/0/0/0 takeSize=0/0/0/0 slotSync=0/0 critReset=0 stray=0/0 heldSwing=0 loseKite=0 holdBow=0 punkKept=0 swingHits=0 dodgeDrive=0 hop=0/0/0/0/0/0/0 mdPillarD=0 dmgTaken=0.0 dw=0/0.0/0.00/0.00/0/0 dwNoBlame=0 dmgWhy=0/0/0/0/0@0.0 strafe=0/0 voidEntries=0 voidTicks=0 lastFall=[] hits=0/0/0/0 hitRange=0.00/0.00 mdBow=0 bowShots=0 bowWild=0 bowNoSol=0 bowRestart=0 bowAimTO=0 bowDrawTO=0 bowBestMiss=-1.00 bowFacing=0 bowNoRoom=0 flee=0/0/0/0/0/0 qBurn=0 qTp=1 qNoMove=0 stuck=[-] staleRoot=0 | mvRequested=0 mvCooldown=0 mvNoHit=0 mvClicked=0 mvSteered=72 | mv=84/64/6/14/0 pnb=166/165/0/1 pnbExit=0/1/164/0 gateThrough=0 gateHeld=5257 queued=0 queuePlaced=0 entityReleased=3/2 idrop=7802/0/0/7802 rt=23843/7583/3795 entityCloseWalk=12/10/9/12/0/11/1 closeWalkGeom=0/0/0/12 deep=0/0/0 cwJump=0 cwSneakRel=0 cwLease=0 cwDeep=0 closeWalkFwd=11/1/0
  recent chat: ['ß2ßlßo[Alto Clef] ßrprimDrive robustPath presentfalse sz0 freshtrue', 'ß2ßlßo[Alto Clef] ßrprimDrive asyncKick busytrue', 'ß2ßlßo[Alto Clef] ßrDSIC near=false walk=INF makeNew=100.0 forceEl=false justPlacedEl=true hasContainerItem=false dist=-', 'ß2ßlßo[Alto Clef] ßrprimDrive gridBFS sz1 degenfalse d13.8 dy12.0', 'ß2ßlßo[Alto Clef] ßrprimDrive robustPath presentfalse sz0 freshtrue', 'ß2ßlßo[Alto Clef] ßrprimDrive asyncKick busytrue', 'ß2ßlßo[Alto Clef] ßrDSIC near=false walk=INF makeNew=100.0 forceEl=false justPlacedEl=true hasContainerItem=false dist=-', 'ß2ßlßo[Alto Clef] ßrprimDrive gridBFS sz1 degenfalse d13.8 dy12.0', 'ß2ßlßo[Alto Clef] ßrprimDrive robustPath presentfalse sz0 freshtrue', 'ß2ßlßo[Alto Clef] ßrprimDrive asyncKick busytrue']

=== RESULTS ===
  responsive polls: 27, busy polls: 27, distinct positions: 15, items gained: 35
  ladder: first craft@21.6s, crafting@179.6s, wood tools@202.4s
  client fps (median): 29.0 over 27 samples
  PHASES total=667s rcon=1s(0%) connect=17s(3%) reset=13s(2%) start=16s(2%) watch=620s(93%)
  GAMER_SMOKE: PASS

=========== RUN 4/6 ===========
[1] wait gamer-server rcon...
  [ok] gamer rcon
[2] connect bot to gamer-server...
  [ok] bot in game (gamer)
  [ok] world loaded (bot has a position)
[2b] reset to a known start (kill -> respawn -> empty -> heal -> day)...
  [ok] bot respawned
  paired A/B start: spiral #42  (advancing)
  fresh start #42: -308 150 -1439
  start has 153 log blocks within 40
  pair ground REUSED: -308 150 -1139
  pair wood: arm1 108 -> arm2 107 (99%)
  start pos: -307.5,75.0,-1138.5 (pinned)
[3] tungsten-primary (SHIPPED DEFAULT) + @gamer...
  client fps before start: 26.0
  STAND FLAGS ON: allowBreak allowPlace avoidStuckAnvil avoidStuckFence barrenLockCountsAsFailure barrenStreakPerEntity botFpsNoIdleThrottle breakBanEscalates chaseUsesQueue closestPursuitHasBudget collectDropsBeforeTools combatMovementsEnabled combatReachControl combatRotatesEnabled combatSaverEnabled combatTriggerBotEnabled critReleasesSprint dropBudgetSurvivesTaskRebuild dropPursuitHasBudget emptyPathIsNotArrival enableNativeRotation enableParallelStreaming enablePitchChange entityCloseRangeWalk entitySearchMustMove entityWanderWhenNavRefuses fastBlockFirst followBlockPathFinderEnabled followJumpingEnabled gotoResumeNeedsRealTarget gridBfsRefusesCornerCut gridRouteMatchesQueueMoves guideDiesWithItsRelaxation legacyYieldsToWalker lockKeepsRouteWhileTargetStands navGroundCollisionCheck navStopOnTaskEnd navUsesQueue neverHandOffToLegacy pathAvoidsFallDamage planPlaceMoves planSnapsStartToSupport predictDamageFromBlocks queueClimbs queueDedupesRoute rerootMustExtendTheGuide resetPrefixNeedsMovement scanCheapTestFirst sleepNeedsAnObtainableBed stallCheckNeedsMovement toolsetYieldsToOre unstuckWhenGoalButNoPath vanishedGuideSalvagesRoute verboseDebugLogging wanderKeepsWalkerKeys wanderUsesTungsten
  ARM A
  PIN unstuckWhenGoalButNoPath=true
  PIN VERIFIED unstuckWhenGoalButNoPath=true
  PIN unstuckWhenGoalButNoPath=true
  PIN VERIFIED unstuckWhenGoalButNoPath=true
  shipped pathing flags: {'tungstenPrimary': True, 'ok': True}
  walker debug: {'r': "{'walkerDebug': True, 'ok': True}"}
  zero counters: {'r': "{'ok': True}"}
  start inv: {'nonEmpty': 0, 'items': 0, 'ids': []}
[4] watching 10.0 min for progress...
  TASK Description of current game pipeline that is selected: Current game tasks: Current Baritone executor task list (UserTaskChain task chain) | 1. Main task: <Beating the game (Miran version).> Picking up the crafting table while we are at it. | 1.1. Subtasks: <Mine And Collect: [[crafting_table]]>  |  -> | 1.1.0. <Mining or Collecting>  |  -> | 1.1.1. <Destroy block at 79, 127, -34> Getting to block... |  -> | 1.1.2. <Getting to block class_2338{x=79, y=127, z=-34}> Tungsten (primary) pathfinding...
  TARGET (79,127,-34) is {'hardness': '2.50', 'replaceable': 'false', 'block': '‚ÂÒÚ‡Í', 'position': '79, 127, -34', 'id': 'minecraft:crafting_table', 'is_air': 'false'}
  RUNNER active=true | Chain: UserTaskChain, priority: 50.0 | Game Menu Chain(on=true,p=-Infinity) UserTaskChain(on=true,p=50.0) Mob Defense(on=true,p=0.0) Death Menu Respawn Handling(on=true,p=-Infinity) Hand Stack Fix Chain(on=true,p=-Infinity) MLG Water Bucket Fall Chain(on=true,p=-Infinity) Unstuck Chain
  t=22s inGame=True hp=20.0 pos=86.3,123.0,-49.7 items=0 busy=True d:pdEnter+300,mqStart+4,mqSteps+18,dbTick+369,rayMiss+263,leafCle+4
  TASK urrent game tasks: Current Baritone executor task list (UserTaskChain task chain) | 1. Main task: <Beating the game (Miran version).> Priority: 400.00, Collecting resource: [[wooden_pickaxe]] | 1.1. Subtasks: <Get catalogued: {[wooden_pickaxe]}: [[wooden_pickaxe]]>  |  -> | 1.1.0. <Doing stuff in crafting_table container: [[wooden_pickaxe]]>  |  -> | 1.1.1. <Doing stuff in crafting_table container>  |  -> | 1.1.2. <Collect Recipe Resources: {Recipe{minecraft:wooden_pickaxe}}> Getting stick x 2 |  -> | 1.1.3. <Crafting 2 sticks: [[stick] x 2]>  |  -> | 1.1.4. <Craft 2x2 Task Recipe{minecraft:stick x 2}: [[stick] x 2]> Collecting materials |  -> | 1.1.5. <Collect Recipe Resources: {Recipe{minecraft:stick x 2}}> Getting planks x 2 |  -> | 1.1.6. <Crafting 2 planks [minecraft:acacia_planks, minecraft:birch_planks, minecraft:crimson_planks, minecraft:dark_oak_planks, minecraft:oak_planks, minecraft:jungle_planks, minecraft:spruce_planks, m... |  -> | 1.1.7. <Mine And Collect: [[acacia_log,birch_log,dark_oak_log,oak_log,jungle_log,spruce_log,acacia_wood,birch_wood,dark_oak_wood,oak_wood,jungle_wood,spruce_wood,stripped_acacia_log,stripped_birch_log,s... |  -> | 1.1.8. <Mining or Collecting> Moving towards closest... |  -> | 1.1.9. <Destroy block at 85, 133, -53> Getting to block... |  -> | 1.1.10. <Getting to block class_2338{x=85, y=133, z=-53}> Tungsten (primary) walking terrain...
  TARGET (85,133,-53) is {'hardness': '2.00', 'replaceable': 'false', 'block': '·Â‚ÌÓ Ú∏ÏÌÓ„Ó ‰Û·‡', 'position': '85, 133, -53', 'id': 'minecraft:dark_oak_log', 'is_air': 'false'}
  RUNNER active=true | Chain: UserTaskChain, priority: 50.0 | Game Menu Chain(on=true,p=-Infinity) UserTaskChain(on=true,p=50.0) Mob Defense(on=true,p=0.0) Death Menu Respawn Handling(on=true,p=-Infinity) Hand Stack Fix Chain(on=true,p=-Infinity) MLG Water Bucket Fall Chain(on=true,p=-Infinity) Unstuck Chain
  RUNG 'crafting' at 44.7s
  t=45s inGame=True hp=16.0 pos=86.3,124.0,-55.2 items=1 busy=True d:pdEnter+346,mqStart+5,mqSteps+22,dbTick+433,rayMiss+326,leafCle+0
  TASK : Current game tasks: Current Baritone executor task list (UserTaskChain task chain) | 1. Main task: <Beating the game (Miran version).> Priority: 400.00, Collecting resource: [[wooden_pickaxe]] | 1.1. Subtasks: <Get catalogued: {[wooden_pickaxe]}: [[wooden_pickaxe]]>  |  -> | 1.1.0. <Doing stuff in crafting_table container: [[wooden_pickaxe]]>  |  -> | 1.1.1. <Doing stuff in crafting_table container>  |  -> | 1.1.2. <Collect Recipe Resources: {Recipe{minecraft:wooden_pickaxe}}> Getting stick x 2 |  -> | 1.1.3. <Crafting 2 sticks: [[stick] x 2]>  |  -> | 1.1.4. <Craft 2x2 Task Recipe{minecraft:stick x 2}: [[stick] x 2]> Collecting materials |  -> | 1.1.5. <Collect Recipe Resources: {Recipe{minecraft:stick x 2}}> Getting planks x 2 |  -> | 1.1.6. <Crafting 2 planks [minecraft:acacia_planks, minecraft:birch_planks, minecraft:crimson_planks, minecraft:dark_oak_planks, minecraft:oak_planks, minecraft:jungle_planks, minecraft:spruce_planks, m... |  -> | 1.1.7. <Mine And Collect: [[acacia_log,birch_log,dark_oak_log,oak_log,jungle_log,spruce_log,acacia_wood,birch_wood,dark_oak_wood,oak_wood,jungle_wood,spruce_wood,stripped_acacia_log,stripped_birch_log,s... |  -> | 1.1.8. <Mining or Collecting> Trying out NEW pursuit |  -> | 1.1.9. <Destroy block at 85, 133, -53> Getting to block... |  -> | 1.1.10. <Getting to block class_2338{x=85, y=133, z=-53}> Tungsten (primary) walking terrain...
  TARGET (85,133,-53) is {'hardness': '2.00', 'replaceable': 'false', 'block': '·Â‚ÌÓ Ú∏ÏÌÓ„Ó ‰Û·‡', 'position': '85, 133, -53', 'id': 'minecraft:dark_oak_log', 'is_air': 'false'}
  RUNNER active=true | Chain: UserTaskChain, priority: 50.0 | Game Menu Chain(on=true,p=-Infinity) UserTaskChain(on=true,p=50.0) Mob Defense(on=true,p=0.0) Death Menu Respawn Handling(on=true,p=-Infinity) Hand Stack Fix Chain(on=true,p=-Infinity) MLG Water Bucket Fall Chain(on=true,p=-Infinity) Unstuck Chain
  t=68s inGame=True hp=17.0 pos=82.5,123.8,-54.3 items=1 busy=True d:pdEnter+453,mqStart+3,mqSteps+15,dbTick+453,rayMiss+324,leafCle+0
  RUNNER active=true | Chain: UserTaskChain, priority: 50.0 | Game Menu Chain(on=true,p=-Infinity) UserTaskChain(on=true,p=50.0) Mob Defense(on=true,p=0.0) Death Menu Respawn Handling(on=true,p=-Infinity) Hand Stack Fix Chain(on=true,p=-Infinity) MLG Water Bucket Fall Chain(on=true,p=-Infinity) Unstuck Chain
  t=90s inGame=True hp=17.0 pos=91.5,131.8,-48.9 items=1 busy=True d:pdEnter+445,mqStart+5,mqSteps+19,dbTick+444,rayMiss+359,leafCle+0
  TASK : Current game tasks: Current Baritone executor task list (UserTaskChain task chain) | 1. Main task: <Beating the game (Miran version).> Priority: 400.00, Collecting resource: [[wooden_pickaxe]] | 1.1. Subtasks: <Get catalogued: {[wooden_pickaxe]}: [[wooden_pickaxe]]>  |  -> | 1.1.0. <Doing stuff in crafting_table container: [[wooden_pickaxe]]>  |  -> | 1.1.1. <Doing stuff in crafting_table container>  |  -> | 1.1.2. <Collect Recipe Resources: {Recipe{minecraft:wooden_pickaxe}}> Getting stick x 2 |  -> | 1.1.3. <Crafting 2 sticks: [[stick] x 2]>  |  -> | 1.1.4. <Craft 2x2 Task Recipe{minecraft:stick x 2}: [[stick] x 2]> Collecting materials |  -> | 1.1.5. <Collect Recipe Resources: {Recipe{minecraft:stick x 2}}> Getting planks x 2 |  -> | 1.1.6. <Crafting 2 planks [minecraft:acacia_planks, minecraft:birch_planks, minecraft:crimson_planks, minecraft:dark_oak_planks, minecraft:oak_planks, minecraft:jungle_planks, minecraft:spruce_planks, m... |  -> | 1.1.7. <Mine And Collect: [[acacia_log,birch_log,dark_oak_log,oak_log,jungle_log,spruce_log,acacia_wood,birch_wood,dark_oak_wood,oak_wood,jungle_wood,spruce_wood,stripped_acacia_log,stripped_birch_log,s... |  -> | 1.1.8. <Mining or Collecting> Trying out NEW pursuit |  -> | 1.1.9. <Destroy block at 80, 133, -44> Getting to block... |  -> | 1.1.10. <Getting to block class_2338{x=80, y=133, z=-44}> Tungsten (primary) walking terrain...
  TARGET (80,133,-44) is {'hardness': '2.00', 'replaceable': 'false', 'block': '·Â‚ÌÓ Ú∏ÏÌÓ„Ó ‰Û·‡', 'position': '80, 133, -44', 'id': 'minecraft:dark_oak_log', 'is_air': 'false'}
  RUNNER active=true | Chain: UserTaskChain, priority: 50.0 | Game Menu Chain(on=true,p=-Infinity) UserTaskChain(on=true,p=50.0) Mob Defense(on=true,p=0.0) Death Menu Respawn Handling(on=true,p=-Infinity) Hand Stack Fix Chain(on=true,p=-Infinity) MLG Water Bucket Fall Chain(on=true,p=-Infinity) Unstuck Chain
  t=113s inGame=True hp=9.0 pos=82.3,122.4,-33.3 items=1 busy=True d:pdEnter+360,mqStart+4,mqSteps+10,dbTick+359,rayMiss+161,leafCle+0
  TASK : Current game tasks: Current Baritone executor task list (UserTaskChain task chain) | 1. Main task: <Beating the game (Miran version).> Priority: 400.00, Collecting resource: [[wooden_pickaxe]] | 1.1. Subtasks: <Get catalogued: {[wooden_pickaxe]}: [[wooden_pickaxe]]>  |  -> | 1.1.0. <Doing stuff in crafting_table container: [[wooden_pickaxe]]>  |  -> | 1.1.1. <Doing stuff in crafting_table container>  |  -> | 1.1.2. <Collect Recipe Resources: {Recipe{minecraft:wooden_pickaxe}}> Getting stick x 2 |  -> | 1.1.3. <Crafting 2 sticks: [[stick] x 2]>  |  -> | 1.1.4. <Craft 2x2 Task Recipe{minecraft:stick x 2}: [[stick] x 2]> Collecting materials |  -> | 1.1.5. <Collect Recipe Resources: {Recipe{minecraft:stick x 2}}> Getting planks x 2 |  -> | 1.1.6. <Crafting 2 planks [minecraft:acacia_planks, minecraft:birch_planks, minecraft:crimson_planks, minecraft:dark_oak_planks, minecraft:oak_planks, minecraft:jungle_planks, minecraft:spruce_planks, m... |  -> | 1.1.7. <Mine And Collect: [[acacia_log,birch_log,dark_oak_log,oak_log,jungle_log,spruce_log,acacia_wood,birch_wood,dark_oak_wood,oak_wood,jungle_wood,spruce_wood,stripped_acacia_log,stripped_birch_log,s... |  -> | 1.1.8. <Mining or Collecting> Trying out NEW pursuit |  -> | 1.1.9. <Destroy block at 85, 133, -52> Getting to block... |  -> | 1.1.10. <Getting to block class_2338{x=85, y=133, z=-52}> Tungsten (primary) walking terrain...
  TARGET (85,133,-52) is {'hardness': '2.00', 'replaceable': 'false', 'block': '·Â‚ÌÓ Ú∏ÏÌÓ„Ó ‰Û·‡', 'position': '85, 133, -52', 'id': 'minecraft:dark_oak_log', 'is_air': 'false'}
  RUNNER active=true | Chain: UserTaskChain, priority: 50.0 | Game Menu Chain(on=true,p=-Infinity) UserTaskChain(on=true,p=50.0) Mob Defense(on=true,p=0.0) Death Menu Respawn Handling(on=true,p=-Infinity) Hand Stack Fix Chain(on=true,p=-Infinity) MLG Water Bucket Fall Chain(on=true,p=-Infinity) Unstuck Chain
  t=136s inGame=True hp=9.0 pos=91.7,132.0,-41.5 items=1 busy=True d:pdEnter+447,mqStart+1,mqSteps+13,dbTick+446,rayMiss+145,leafCle+0
  TASK urrent game tasks: Current Baritone executor task list (UserTaskChain task chain) | 1. Main task: <Beating the game (Miran version).> Priority: 400.00, Collecting resource: [[wooden_pickaxe]] | 1.1. Subtasks: <Get catalogued: {[wooden_pickaxe]}: [[wooden_pickaxe]]>  |  -> | 1.1.0. <Doing stuff in crafting_table container: [[wooden_pickaxe]]>  |  -> | 1.1.1. <Doing stuff in crafting_table container>  |  -> | 1.1.2. <Collect Recipe Resources: {Recipe{minecraft:wooden_pickaxe}}> Getting stick x 2 |  -> | 1.1.3. <Crafting 2 sticks: [[stick] x 2]>  |  -> | 1.1.4. <Craft 2x2 Task Recipe{minecraft:stick x 2}: [[stick] x 2]> Collecting materials |  -> | 1.1.5. <Collect Recipe Resources: {Recipe{minecraft:stick x 2}}> Getting planks x 2 |  -> | 1.1.6. <Crafting 2 planks [minecraft:acacia_planks, minecraft:birch_planks, minecraft:crimson_planks, minecraft:dark_oak_planks, minecraft:oak_planks, minecraft:jungle_planks, minecraft:spruce_planks, m... |  -> | 1.1.7. <Mine And Collect: [[acacia_log,birch_log,dark_oak_log,oak_log,jungle_log,spruce_log,acacia_wood,birch_wood,dark_oak_wood,oak_wood,jungle_wood,spruce_wood,stripped_acacia_log,stripped_birch_log,s... |  -> | 1.1.8. <Mining or Collecting> Moving towards closest... |  -> | 1.1.9. <Destroy block at 80, 133, -44> Getting to block... |  -> | 1.1.10. <Getting to block class_2338{x=80, y=133, z=-44}> Tungsten (primary) walking terrain...
  TARGET (80,133,-44) is {'hardness': '2.00', 'replaceable': 'false', 'block': '·Â‚ÌÓ Ú∏ÏÌÓ„Ó ‰Û·‡', 'position': '80, 133, -44', 'id': 'minecraft:dark_oak_log', 'is_air': 'false'}
  RUNNER active=true | Chain: UserTaskChain, priority: 50.0 | Game Menu Chain(on=true,p=-Infinity) UserTaskChain(on=true,p=50.0) Mob Defense(on=true,p=0.0) Death Menu Respawn Handling(on=true,p=-Infinity) Hand Stack Fix Chain(on=true,p=-Infinity) MLG Water Bucket Fall Chain(on=true,p=-Infinity) Unstuck Chain
  t=159s inGame=True hp=4.0 pos=89.0,132.0,-41.0 items=1 busy=True d:pdEnter+367,mqStart+4,mqSteps+31,dbTick+367,rayMiss+277,leafCle+0
  TASK : Current game tasks: Current Baritone executor task list (UserTaskChain task chain) | 1. Main task: <Beating the game (Miran version).> Priority: 400.00, Collecting resource: [[wooden_pickaxe]] | 1.1. Subtasks: <Get catalogued: {[wooden_pickaxe]}: [[wooden_pickaxe]]>  |  -> | 1.1.0. <Doing stuff in crafting_table container: [[wooden_pickaxe]]>  |  -> | 1.1.1. <Doing stuff in crafting_table container>  |  -> | 1.1.2. <Collect Recipe Resources: {Recipe{minecraft:wooden_pickaxe}}> Getting stick x 2 |  -> | 1.1.3. <Crafting 2 sticks: [[stick] x 2]>  |  -> | 1.1.4. <Craft 2x2 Task Recipe{minecraft:stick x 2}: [[stick] x 2]> Collecting materials |  -> | 1.1.5. <Collect Recipe Resources: {Recipe{minecraft:stick x 2}}> Getting planks x 2 |  -> | 1.1.6. <Crafting 2 planks [minecraft:acacia_planks, minecraft:birch_planks, minecraft:crimson_planks, minecraft:dark_oak_planks, minecraft:oak_planks, minecraft:jungle_planks, minecraft:spruce_planks, m... |  -> | 1.1.7. <Mine And Collect: [[acacia_log,birch_log,dark_oak_log,oak_log,jungle_log,spruce_log,acacia_wood,birch_wood,dark_oak_wood,oak_wood,jungle_wood,spruce_wood,stripped_acacia_log,stripped_birch_log,s... |  -> | 1.1.8. <Mining or Collecting> Trying out NEW pursuit |  -> | 1.1.9. <Destroy block at 80, 133, -44> Getting to block... |  -> | 1.1.10. <Getting to block class_2338{x=80, y=133, z=-44}> Tungsten (primary) walking terrain...
  TARGET (80,133,-44) is {'hardness': '2.00', 'replaceable': 'false', 'block': '·Â‚ÌÓ Ú∏ÏÌÓ„Ó ‰Û·‡', 'position': '80, 133, -44', 'id': 'minecraft:dark_oak_log', 'is_air': 'false'}
  RUNNER active=true | Chain: UserTaskChain, priority: 50.0 | Game Menu Chain(on=true,p=-Infinity) UserTaskChain(on=true,p=50.0) Mob Defense(on=true,p=0.0) Death Menu Respawn Handling(on=true,p=-Infinity) Hand Stack Fix Chain(on=true,p=-Infinity) MLG Water Bucket Fall Chain(on=true,p=-Infinity) Unstuck Chain
  t=182s inGame=True hp=20.0 pos=81.5,125.2,-43.3 items=0 busy=True d:pdEnter+445,mqStart+3,mqSteps+0,dbTick+444,rayMiss+444,leafCle+0
  RUNNER active=true | Chain: UserTaskChain, priority: 50.0 | Game Menu Chain(on=true,p=-Infinity) UserTaskChain(on=true,p=50.0) Mob Defense(on=true,p=0.0) Death Menu Respawn Handling(on=true,p=-Infinity) Hand Stack Fix Chain(on=true,p=-Infinity) MLG Water Bucket Fall Chain(on=true,p=-Infinity) Unstuck Chain
  LADDER STALLED: no new rung for 150s (last: crafting)
  stall evidence written to C:\repos\pet\unionclef\deploy\runner\freezes\stall_run4_ladder.txt
  t=207s inGame=True hp=15.0 pos=87.0,131.0,-38.6 items=0 busy=True d:pdEnter+439,mqStart+2,mqSteps+23,dbTick+439,rayMiss+437,leafCle+0
  TASK urrent game tasks: Current Baritone executor task list (UserTaskChain task chain) | 1. Main task: <Beating the game (Miran version).> Priority: 400.00, Collecting resource: [[wooden_pickaxe]] | 1.1. Subtasks: <Get catalogued: {[wooden_pickaxe]}: [[wooden_pickaxe]]>  |  -> | 1.1.0. <Doing stuff in crafting_table container: [[wooden_pickaxe]]>  |  -> | 1.1.1. <Doing stuff in crafting_table container>  |  -> | 1.1.2. <Collect Recipe Resources: {Recipe{minecraft:wooden_pickaxe}}> Getting stick x 2 |  -> | 1.1.3. <Crafting 2 sticks: [[stick] x 2]>  |  -> | 1.1.4. <Craft 2x2 Task Recipe{minecraft:stick x 2}: [[stick] x 2]> Collecting materials |  -> | 1.1.5. <Collect Recipe Resources: {Recipe{minecraft:stick x 2}}> Getting planks x 2 |  -> | 1.1.6. <Crafting 2 planks [minecraft:acacia_planks, minecraft:birch_planks, minecraft:crimson_planks, minecraft:dark_oak_planks, minecraft:oak_planks, minecraft:jungle_planks, minecraft:spruce_planks, m... |  -> | 1.1.7. <Mine And Collect: [[acacia_log,birch_log,dark_oak_log,oak_log,jungle_log,spruce_log,acacia_wood,birch_wood,dark_oak_wood,oak_wood,jungle_wood,spruce_wood,stripped_acacia_log,stripped_birch_log,s... |  -> | 1.1.8. <Mining or Collecting> Moving towards closest... |  -> | 1.1.9. <Destroy block at 80, 133, -44> Getting to block... |  -> | 1.1.10. <Getting to block class_2338{x=80, y=133, z=-44}> Tungsten (primary) walking terrain...
  TARGET (80,133,-44) is {'hardness': '2.00', 'replaceable': 'false', 'block': '·Â‚ÌÓ Ú∏ÏÌÓ„Ó ‰Û·‡', 'position': '80, 133, -44', 'id': 'minecraft:dark_oak_log', 'is_air': 'false'}
  RUNNER active=true | Chain: UserTaskChain, priority: 50.0 | Game Menu Chain(on=true,p=-Infinity) UserTaskChain(on=true,p=50.0) Mob Defense(on=true,p=0.0) Death Menu Respawn Handling(on=true,p=-Infinity) Hand Stack Fix Chain(on=true,p=-Infinity) MLG Water Bucket Fall Chain(on=true,p=-Infinity) Unstuck Chain
  t=230s inGame=True hp=10.0 pos=82.9,125.0,-44.6 items=0 busy=True d:pdEnter+411,mqStart+3,mqSteps+8,dbTick+410,rayMiss+410,leafCle+0
  TASK : Current game tasks: Current Baritone executor task list (UserTaskChain task chain) | 1. Main task: <Beating the game (Miran version).> Priority: 400.00, Collecting resource: [[wooden_pickaxe]] | 1.1. Subtasks: <Get catalogued: {[wooden_pickaxe]}: [[wooden_pickaxe]]>  |  -> | 1.1.0. <Doing stuff in crafting_table container: [[wooden_pickaxe]]>  |  -> | 1.1.1. <Doing stuff in crafting_table container>  |  -> | 1.1.2. <Collect Recipe Resources: {Recipe{minecraft:wooden_pickaxe}}> Getting stick x 2 |  -> | 1.1.3. <Crafting 2 sticks: [[stick] x 2]>  |  -> | 1.1.4. <Craft 2x2 Task Recipe{minecraft:stick x 2}: [[stick] x 2]> Collecting materials |  -> | 1.1.5. <Collect Recipe Resources: {Recipe{minecraft:stick x 2}}> Getting planks x 2 |  -> | 1.1.6. <Crafting 2 planks [minecraft:acacia_planks, minecraft:birch_planks, minecraft:crimson_planks, minecraft:dark_oak_planks, minecraft:oak_planks, minecraft:jungle_planks, minecraft:spruce_planks, m... |  -> | 1.1.7. <Mine And Collect: [[acacia_log,birch_log,dark_oak_log,oak_log,jungle_log,spruce_log,acacia_wood,birch_wood,dark_oak_wood,oak_wood,jungle_wood,spruce_wood,stripped_acacia_log,stripped_birch_log,s... |  -> | 1.1.8. <Mining or Collecting> Trying out NEW pursuit |  -> | 1.1.9. <Destroy block at 85, 133, -52> Getting to block... |  -> | 1.1.10. <Getting to block class_2338{x=85, y=133, z=-52}> Tungsten (primary) walking terrain...
  TARGET (85,133,-52) is {'hardness': '2.00', 'replaceable': 'false', 'block': '·Â‚ÌÓ Ú∏ÏÌÓ„Ó ‰Û·‡', 'position': '85, 133, -52', 'id': 'minecraft:dark_oak_log', 'is_air': 'false'}
  RUNNER active=true | Chain: UserTaskChain, priority: 50.0 | Game Menu Chain(on=true,p=-Infinity) UserTaskChain(on=true,p=50.0) Mob Defense(on=true,p=0.0) Death Menu Respawn Handling(on=true,p=-Infinity) Hand Stack Fix Chain(on=true,p=-Infinity) MLG Water Bucket Fall Chain(on=true,p=-Infinity) Unstuck Chain
  t=253s inGame=True hp=5.0 pos=90.3,132.0,-40.5 items=0 busy=True d:pdEnter+346,mqStart+4,mqSteps+29,dbTick+346,rayMiss+326,leafCle+0
  TASK Description of current game pipeline that is selected: Current game tasks: Current Baritone executor task list (MLG Water Bucket Fall Chain task chain) | 1. Main task: <Epic gaemer moment (CLUTCH AT: class_2339{x=91, y=123, z=-51})> No clutch item
  RUNNER active=true | Chain: MLG Water Bucket Fall Chain, priority: 100.0 | Game Menu Chain(on=true,p=-Infinity) UserTaskChain(on=true,p=50.0) Mob Defense(on=true,p=-Infinity) Death Menu Respawn Handling(on=true,p=-Infinity) Hand Stack Fix Chain(on=true,p=-Infinity) MLG Water Bucket Fall Chain(on=true,p=100
  t=275s inGame=True hp=17.833334 pos=91.6,132.0,-45.3 items=0 busy=True d:pdEnter+430,mqStart+3,mqSteps+16,dbTick+430,rayMiss+385,leafCle+0
  TASK : Current game tasks: Current Baritone executor task list (UserTaskChain task chain) | 1. Main task: <Beating the game (Miran version).> Priority: 400.00, Collecting resource: [[wooden_pickaxe]] | 1.1. Subtasks: <Get catalogued: {[wooden_pickaxe]}: [[wooden_pickaxe]]>  |  -> | 1.1.0. <Doing stuff in crafting_table container: [[wooden_pickaxe]]>  |  -> | 1.1.1. <Doing stuff in crafting_table container>  |  -> | 1.1.2. <Collect Recipe Resources: {Recipe{minecraft:wooden_pickaxe}}> Getting stick x 2 |  -> | 1.1.3. <Crafting 2 sticks: [[stick] x 2]>  |  -> | 1.1.4. <Craft 2x2 Task Recipe{minecraft:stick x 2}: [[stick] x 2]> Collecting materials |  -> | 1.1.5. <Collect Recipe Resources: {Recipe{minecraft:stick x 2}}> Getting planks x 2 |  -> | 1.1.6. <Crafting 2 planks [minecraft:acacia_planks, minecraft:birch_planks, minecraft:crimson_planks, minecraft:dark_oak_planks, minecraft:oak_planks, minecraft:jungle_planks, minecraft:spruce_planks, m... |  -> | 1.1.7. <Mine And Collect: [[acacia_log,birch_log,dark_oak_log,oak_log,jungle_log,spruce_log,acacia_wood,birch_wood,dark_oak_wood,oak_wood,jungle_wood,spruce_wood,stripped_acacia_log,stripped_birch_log,s... |  -> | 1.1.8. <Mining or Collecting> Trying out NEW pursuit |  -> | 1.1.9. <Destroy block at 80, 133, -44> Getting to block... |  -> | 1.1.10. <Getting to block class_2338{x=80, y=133, z=-44}> Tungsten (primary) walking terrain...
  TARGET (80,133,-44) is {'hardness': '2.00', 'replaceable': 'false', 'block': '·Â‚ÌÓ Ú∏ÏÌÓ„Ó ‰Û·‡', 'position': '80, 133, -44', 'id': 'minecraft:dark_oak_log', 'is_air': 'false'}
  RUNNER active=true | Chain: UserTaskChain, priority: 50.0 | Game Menu Chain(on=true,p=-Infinity) UserTaskChain(on=true,p=50.0) Mob Defense(on=true,p=0.0) Death Menu Respawn Handling(on=true,p=-Infinity) Hand Stack Fix Chain(on=true,p=-Infinity) MLG Water Bucket Fall Chain(on=true,p=-Infinity) Unstuck Chain
  t=298s inGame=True hp=12.833334 pos=84.6,126.0,-41.8 items=0 busy=True d:pdEnter+458,mqStart+3,mqSteps+5,dbTick+457,rayMiss+457,leafCle+0
  TASK Description of current game pipeline that is selected: Current game tasks: Current Baritone executor task list (MLG Water Bucket Fall Chain task chain) | 1. Main task: <Epic gaemer moment (CLUTCH AT: class_2339{x=91, y=123, z=-51})> No clutch item
  RUNNER active=true | Chain: MLG Water Bucket Fall Chain, priority: 100.0 | Game Menu Chain(on=true,p=-Infinity) UserTaskChain(on=true,p=50.0) Mob Defense(on=true,p=-Infinity) Death Menu Respawn Handling(on=true,p=-Infinity) Hand Stack Fix Chain(on=true,p=-Infinity) MLG Water Bucket Fall Chain(on=true,p=100
  t=320s inGame=True hp=7.833334 pos=91.6,132.1,-44.8 items=0 busy=True d:pdEnter+325,mqStart+4,mqSteps+30,dbTick+325,rayMiss+315,leafCle+0
  TASK urrent game tasks: Current Baritone executor task list (UserTaskChain task chain) | 1. Main task: <Beating the game (Miran version).> Priority: 400.00, Collecting resource: [[wooden_pickaxe]] | 1.1. Subtasks: <Get catalogued: {[wooden_pickaxe]}: [[wooden_pickaxe]]>  |  -> | 1.1.0. <Doing stuff in crafting_table container: [[wooden_pickaxe]]>  |  -> | 1.1.1. <Doing stuff in crafting_table container>  |  -> | 1.1.2. <Collect Recipe Resources: {Recipe{minecraft:wooden_pickaxe}}> Getting stick x 2 |  -> | 1.1.3. <Crafting 2 sticks: [[stick] x 2]>  |  -> | 1.1.4. <Craft 2x2 Task Recipe{minecraft:stick x 2}: [[stick] x 2]> Collecting materials |  -> | 1.1.5. <Collect Recipe Resources: {Recipe{minecraft:stick x 2}}> Getting planks x 2 |  -> | 1.1.6. <Crafting 2 planks [minecraft:acacia_planks, minecraft:birch_planks, minecraft:crimson_planks, minecraft:dark_oak_planks, minecraft:oak_planks, minecraft:jungle_planks, minecraft:spruce_planks, m... |  -> | 1.1.7. <Mine And Collect: [[acacia_log,birch_log,dark_oak_log,oak_log,jungle_log,spruce_log,acacia_wood,birch_wood,dark_oak_wood,oak_wood,jungle_wood,spruce_wood,stripped_acacia_log,stripped_birch_log,s... |  -> | 1.1.8. <Mining or Collecting> Moving towards closest... |  -> | 1.1.9. <Destroy block at 85, 133, -53> Getting to block... |  -> | 1.1.10. <Getting to block class_2338{x=85, y=133, z=-53}> Tungsten (primary) walking terrain...
  TARGET (85,133,-53) is {'hardness': '2.00', 'replaceable': 'false', 'block': '·Â‚ÌÓ Ú∏ÏÌÓ„Ó ‰Û·‡', 'position': '85, 133, -53', 'id': 'minecraft:dark_oak_log', 'is_air': 'false'}
  RUNNER active=true | Chain: UserTaskChain, priority: 50.0 | Game Menu Chain(on=true,p=-Infinity) UserTaskChain(on=true,p=50.0) Mob Defense(on=true,p=0.0) Death Menu Respawn Handling(on=true,p=-Infinity) Hand Stack Fix Chain(on=true,p=-Infinity) MLG Water Bucket Fall Chain(on=true,p=-Infinity) Unstuck Chain
  t=343s inGame=True hp=2.833334 pos=83.8,128.0,-48.7 items=0 busy=True d:pdEnter+367,mqStart+4,mqSteps+2,dbTick+366,rayMiss+341,leafCle+0
  TASK d: Current game tasks: Current Baritone executor task list (UserTaskChain task chain) | 1. Main task: <Beating the game (Miran version).> Priority: 400.00, Collecting resource: [[wooden_pickaxe]] | 1.1. Subtasks: <Get catalogued: {[wooden_pickaxe]}: [[wooden_pickaxe]]>  |  -> | 1.1.0. <Doing stuff in crafting_table container: [[wooden_pickaxe]]>  |  -> | 1.1.1. <Doing stuff in crafting_table container>  |  -> | 1.1.2. <Collect Recipe Resources: {Recipe{minecraft:wooden_pickaxe}}> Getting stick x 2 |  -> | 1.1.3. <Crafting 2 sticks: [[stick] x 2]>  |  -> | 1.1.4. <Craft 2x2 Task Recipe{minecraft:stick x 2}: [[stick] x 2]> Collecting materials |  -> | 1.1.5. <Collect Recipe Resources: {Recipe{minecraft:stick x 2}}> Getting planks x 2 |  -> | 1.1.6. <Crafting 2 planks [minecraft:acacia_planks, minecraft:birch_planks, minecraft:crimson_planks, minecraft:dark_oak_planks, minecraft:oak_planks, minecraft:jungle_planks, minecraft:spruce_planks, m... |  -> | 1.1.7. <Mine And Collect: [[acacia_log,birch_log,dark_oak_log,oak_log,jungle_log,spruce_log,acacia_wood,birch_wood,dark_oak_wood,oak_wood,jungle_wood,spruce_wood,stripped_acacia_log,stripped_birch_log,s... |  -> | 1.1.8. <Mining or Collecting> Moving towards closest... |  -> | 1.1.9. <Destroy block at 85, 133, -53> Getting to block... |  -> | 1.1.10. <Getting to block class_2338{x=85, y=133, z=-53}> Tungsten (primary) pathfinding...
  TARGET (85,133,-53) is {'hardness': '2.00', 'replaceable': 'false', 'block': '·Â‚ÌÓ Ú∏ÏÌÓ„Ó ‰Û·‡', 'position': '85, 133, -53', 'id': 'minecraft:dark_oak_log', 'is_air': 'false'}
  RUNNER active=true | Chain: UserTaskChain, priority: 50.0 | Game Menu Chain(on=true,p=-Infinity) UserTaskChain(on=true,p=50.0) Mob Defense(on=true,p=0.0) Death Menu Respawn Handling(on=true,p=-Infinity) Hand Stack Fix Chain(on=true,p=-Infinity) MLG Water Bucket Fall Chain(on=true,p=-Infinity) Unstuck Chain
  t=366s inGame=True hp=2.833334 pos=83.5,128.0,-48.2 items=0 busy=True d:pdEnter+457,mqStart+2,mqSteps+2,dbTick+455,rayMiss+165,leafCle+0
  TASK : Current game tasks: Current Baritone executor task list (UserTaskChain task chain) | 1. Main task: <Beating the game (Miran version).> Priority: 400.00, Collecting resource: [[wooden_pickaxe]] | 1.1. Subtasks: <Get catalogued: {[wooden_pickaxe]}: [[wooden_pickaxe]]>  |  -> | 1.1.0. <Doing stuff in crafting_table container: [[wooden_pickaxe]]>  |  -> | 1.1.1. <Doing stuff in crafting_table container>  |  -> | 1.1.2. <Collect Recipe Resources: {Recipe{minecraft:wooden_pickaxe}}> Getting stick x 2 |  -> | 1.1.3. <Crafting 2 sticks: [[stick] x 2]>  |  -> | 1.1.4. <Craft 2x2 Task Recipe{minecraft:stick x 2}: [[stick] x 2]> Collecting materials |  -> | 1.1.5. <Collect Recipe Resources: {Recipe{minecraft:stick x 2}}> Getting planks x 2 |  -> | 1.1.6. <Crafting 2 planks [minecraft:acacia_planks, minecraft:birch_planks, minecraft:crimson_planks, minecraft:dark_oak_planks, minecraft:oak_planks, minecraft:jungle_planks, minecraft:spruce_planks, m... |  -> | 1.1.7. <Mine And Collect: [[acacia_log,birch_log,dark_oak_log,oak_log,jungle_log,spruce_log,acacia_wood,birch_wood,dark_oak_wood,oak_wood,jungle_wood,spruce_wood,stripped_acacia_log,stripped_birch_log,s... |  -> | 1.1.8. <Mining or Collecting> Trying out NEW pursuit |  -> | 1.1.9. <Destroy block at 80, 133, -44> Getting to block... |  -> | 1.1.10. <Getting to block class_2338{x=80, y=133, z=-44}> Tungsten (primary) walking terrain...
  TARGET (80,133,-44) is {'hardness': '2.00', 'replaceable': 'false', 'block': '·Â‚ÌÓ Ú∏ÏÌÓ„Ó ‰Û·‡', 'position': '80, 133, -44', 'id': 'minecraft:dark_oak_log', 'is_air': 'false'}
  RUNNER active=true | Chain: UserTaskChain, priority: 50.0 | Game Menu Chain(on=true,p=-Infinity) UserTaskChain(on=true,p=50.0) Mob Defense(on=true,p=0.0) Death Menu Respawn Handling(on=true,p=-Infinity) Hand Stack Fix Chain(on=true,p=-Infinity) MLG Water Bucket Fall Chain(on=true,p=-Infinity) Unstuck Chain
  t=389s inGame=True hp=20.0 pos=90.9,102.0,-21.7 items=0 busy=True d:pdEnter+259,mqStart+10,mqSteps+38,dbTick+259,rayMiss+48,leafCle+0
  TASK ected: Current game tasks: Current Baritone executor task list (UserTaskChain task chain) | 1. Main task: <Beating the game (Miran version).> Priority: 400.00, Collecting resource: [[wooden_pickaxe]] | 1.1. Subtasks: <Get catalogued: {[wooden_pickaxe]}: [[wooden_pickaxe]]>  |  -> | 1.1.0. <Doing stuff in crafting_table container: [[wooden_pickaxe]]>  |  -> | 1.1.1. <Doing stuff in crafting_table container>  |  -> | 1.1.2. <Collect Recipe Resources: {Recipe{minecraft:wooden_pickaxe}}> Getting stick x 2 |  -> | 1.1.3. <Crafting 2 sticks: [[stick] x 2]>  |  -> | 1.1.4. <Craft 2x2 Task Recipe{minecraft:stick x 2}: [[stick] x 2]> Collecting materials |  -> | 1.1.5. <Collect Recipe Resources: {Recipe{minecraft:stick x 2}}> Getting planks x 2 |  -> | 1.1.6. <Crafting 2 planks [minecraft:acacia_planks, minecraft:birch_planks, minecraft:crimson_planks, minecraft:dark_oak_planks, minecraft:oak_planks, minecraft:jungle_planks, minecraft:spruce_planks, m... |  -> | 1.1.7. <Mine And Collect: [[acacia_log,birch_log,dark_oak_log,oak_log,jungle_log,spruce_log,acacia_wood,birch_wood,dark_oak_wood,oak_wood,jungle_wood,spruce_wood,stripped_acacia_log,stripped_birch_log,s... |  -> | 1.1.8. <Mining or Collecting> Trying out NEW pursuit |  -> | 1.1.9. <Destroy block at 92, 108, -109> Getting to block... |  -> | 1.1.10. <Getting to block class_2338{x=92, y=108, z=-109}> Tungsten (primary) planning...
  TARGET (92,108,-109) is {'hardness': '2.00', 'replaceable': 'false', 'block': '·Â‚ÌÓ Ú∏ÏÌÓ„Ó ‰Û·‡', 'position': '92, 108, -109', 'id': 'minecraft:dark_oak_log', 'is_air': 'false'}
  RUNNER active=true | Chain: UserTaskChain, priority: 50.0 | Game Menu Chain(on=true,p=-Infinity) UserTaskChain(on=true,p=50.0) Mob Defense(on=true,p=0.0) Death Menu Respawn Handling(on=true,p=-Infinity) Hand Stack Fix Chain(on=true,p=-Infinity) MLG Water Bucket Fall Chain(on=true,p=-Infinity) Unstuck Chain
  t=412s inGame=True hp=20.0 pos=95.5,104.0,-44.7 items=0 busy=True d:pdEnter+465,mqStart+2,mqSteps+3,dbTick+463,rayMiss+24,leafCle+0
  TASK ected: Current game tasks: Current Baritone executor task list (UserTaskChain task chain) | 1. Main task: <Beating the game (Miran version).> Priority: 400.00, Collecting resource: [[wooden_pickaxe]] | 1.1. Subtasks: <Get catalogued: {[wooden_pickaxe]}: [[wooden_pickaxe]]>  |  -> | 1.1.0. <Doing stuff in crafting_table container: [[wooden_pickaxe]]>  |  -> | 1.1.1. <Doing stuff in crafting_table container>  |  -> | 1.1.2. <Collect Recipe Resources: {Recipe{minecraft:wooden_pickaxe}}> Getting stick x 2 |  -> | 1.1.3. <Crafting 2 sticks: [[stick] x 2]>  |  -> | 1.1.4. <Craft 2x2 Task Recipe{minecraft:stick x 2}: [[stick] x 2]> Collecting materials |  -> | 1.1.5. <Collect Recipe Resources: {Recipe{minecraft:stick x 2}}> Getting planks x 2 |  -> | 1.1.6. <Crafting 2 planks [minecraft:acacia_planks, minecraft:birch_planks, minecraft:crimson_planks, minecraft:dark_oak_planks, minecraft:oak_planks, minecraft:jungle_planks, minecraft:spruce_planks, m... |  -> | 1.1.7. <Mine And Collect: [[acacia_log,birch_log,dark_oak_log,oak_log,jungle_log,spruce_log,acacia_wood,birch_wood,dark_oak_wood,oak_wood,jungle_wood,spruce_wood,stripped_acacia_log,stripped_birch_log,s... |  -> | 1.1.8. <Mining or Collecting> Trying out NEW pursuit |  -> | 1.1.9. <Destroy block at 92, 109, -109> Getting to block... |  -> | 1.1.10. <Getting to block class_2338{x=92, y=109, z=-109}> Tungsten (primary) planning...
  TARGET (92,109,-109) is {'hardness': '2.00', 'replaceable': 'false', 'block': '·Â‚ÌÓ Ú∏ÏÌÓ„Ó ‰Û·‡', 'position': '92, 109, -109', 'id': 'minecraft:dark_oak_log', 'is_air': 'false'}
  RUNNER active=true | Chain: UserTaskChain, priority: 50.0 | Game Menu Chain(on=true,p=-Infinity) UserTaskChain(on=true,p=50.0) Mob Defense(on=true,p=0.0) Death Menu Respawn Handling(on=true,p=-Infinity) Hand Stack Fix Chain(on=true,p=-Infinity) MLG Water Bucket Fall Chain(on=true,p=-Infinity) Unstuck Chain
  t=435s inGame=True hp=20.0 pos=95.5,104.0,-44.7 items=0 busy=True d:pdEnter+468,mqStart+0,mqSteps+0,dbTick+466,rayMiss+0,leafCle+0
  TASK t game tasks: Current Baritone executor task list (UserTaskChain task chain) | 1. Main task: <Beating the game (Miran version).> Priority: 400.00, Collecting resource: [[wooden_pickaxe]] | 1.1. Subtasks: <Get catalogued: {[wooden_pickaxe]}: [[wooden_pickaxe]]>  |  -> | 1.1.0. <Doing stuff in crafting_table container: [[wooden_pickaxe]]>  |  -> | 1.1.1. <Doing stuff in crafting_table container>  |  -> | 1.1.2. <Collect Recipe Resources: {Recipe{minecraft:wooden_pickaxe}}> Getting stick x 2 |  -> | 1.1.3. <Crafting 2 sticks: [[stick] x 2]>  |  -> | 1.1.4. <Craft 2x2 Task Recipe{minecraft:stick x 2}: [[stick] x 2]> Collecting materials |  -> | 1.1.5. <Collect Recipe Resources: {Recipe{minecraft:stick x 2}}> Getting planks x 2 |  -> | 1.1.6. <Crafting 2 planks [minecraft:acacia_planks, minecraft:birch_planks, minecraft:crimson_planks, minecraft:dark_oak_planks, minecraft:oak_planks, minecraft:jungle_planks, minecraft:spruce_planks, m... |  -> | 1.1.7. <Mine And Collect: [[acacia_log,birch_log,dark_oak_log,oak_log,jungle_log,spruce_log,acacia_wood,birch_wood,dark_oak_wood,oak_wood,jungle_wood,spruce_wood,stripped_acacia_log,stripped_birch_log,s... |  -> | 1.1.8. <Mining or Collecting> Trying out NEW pursuit |  -> | 1.1.9. <Destroy block at 92, 109, -109> Getting to block... |  -> | 1.1.10. <Getting to block class_2338{x=92, y=109, z=-109}> Tungsten (primary) walking (robust path)...
  TARGET (92,109,-109) is {'hardness': '2.00', 'replaceable': 'false', 'block': '·Â‚ÌÓ Ú∏ÏÌÓ„Ó ‰Û·‡', 'position': '92, 109, -109', 'id': 'minecraft:dark_oak_log', 'is_air': 'false'}
  RUNNER active=true | Chain: UserTaskChain, priority: 50.0 | Game Menu Chain(on=true,p=-Infinity) UserTaskChain(on=true,p=50.0) Mob Defense(on=true,p=0.0) Death Menu Respawn Handling(on=true,p=-Infinity) Hand Stack Fix Chain(on=true,p=-Infinity) MLG Water Bucket Fall Chain(on=true,p=-Infinity) Unstuck Chain
  t=459s inGame=True hp=20.0 pos=95.5,104.0,-44.7 items=0 busy=True d:pdEnter+468,mqStart+0,mqSteps+0,dbTick+465,rayMiss+0,leafCle+0
  TASK t game tasks: Current Baritone executor task list (UserTaskChain task chain) | 1. Main task: <Beating the game (Miran version).> Priority: 400.00, Collecting resource: [[wooden_pickaxe]] | 1.1. Subtasks: <Get catalogued: {[wooden_pickaxe]}: [[wooden_pickaxe]]>  |  -> | 1.1.0. <Doing stuff in crafting_table container: [[wooden_pickaxe]]>  |  -> | 1.1.1. <Doing stuff in crafting_table container>  |  -> | 1.1.2. <Collect Recipe Resources: {Recipe{minecraft:wooden_pickaxe}}> Getting stick x 2 |  -> | 1.1.3. <Crafting 2 sticks: [[stick] x 2]>  |  -> | 1.1.4. <Craft 2x2 Task Recipe{minecraft:stick x 2}: [[stick] x 2]> Collecting materials |  -> | 1.1.5. <Collect Recipe Resources: {Recipe{minecraft:stick x 2}}> Getting planks x 2 |  -> | 1.1.6. <Crafting 2 planks [minecraft:acacia_planks, minecraft:birch_planks, minecraft:crimson_planks, minecraft:dark_oak_planks, minecraft:oak_planks, minecraft:jungle_planks, minecraft:spruce_planks, m... |  -> | 1.1.7. <Mine And Collect: [[acacia_log,birch_log,dark_oak_log,oak_log,jungle_log,spruce_log,acacia_wood,birch_wood,dark_oak_wood,oak_wood,jungle_wood,spruce_wood,stripped_acacia_log,stripped_birch_log,s... |  -> | 1.1.8. <Mining or Collecting> Trying out NEW pursuit |  -> | 1.1.9. <Destroy block at 91, 109, -109> Getting to block... |  -> | 1.1.10. <Getting to block class_2338{x=91, y=109, z=-109}> Tungsten (primary) walking (robust path)...
  TARGET (91,109,-109) is {'hardness': '2.00', 'replaceable': 'false', 'block': '·Â‚ÌÓ Ú∏ÏÌÓ„Ó ‰Û·‡', 'position': '91, 109, -109', 'id': 'minecraft:dark_oak_log', 'is_air': 'false'}
  RUNNER active=true | Chain: UserTaskChain, priority: 50.0 | Game Menu Chain(on=true,p=-Infinity) UserTaskChain(on=true,p=50.0) Mob Defense(on=true,p=0.0) Death Menu Respawn Handling(on=true,p=-Infinity) Hand Stack Fix Chain(on=true,p=-Infinity) MLG Water Bucket Fall Chain(on=true,p=-Infinity) Unstuck Chain
  STALLED: position unchanged for 3 polls at 95.5,104.0,-44.7
  stall evidence written to C:\repos\pet\unionclef\deploy\runner\freezes\stall_run4.txt
  t=485s inGame=True hp=20.0 pos=95.5,104.0,-44.7 items=0 busy=True d:pdEnter+466,mqStart+0,mqSteps+0,dbTick+463,rayMiss+0,leafCle+0
  TASK t game tasks: Current Baritone executor task list (UserTaskChain task chain) | 1. Main task: <Beating the game (Miran version).> Priority: 400.00, Collecting resource: [[wooden_pickaxe]] | 1.1. Subtasks: <Get catalogued: {[wooden_pickaxe]}: [[wooden_pickaxe]]>  |  -> | 1.1.0. <Doing stuff in crafting_table container: [[wooden_pickaxe]]>  |  -> | 1.1.1. <Doing stuff in crafting_table container>  |  -> | 1.1.2. <Collect Recipe Resources: {Recipe{minecraft:wooden_pickaxe}}> Getting stick x 2 |  -> | 1.1.3. <Crafting 2 sticks: [[stick] x 2]>  |  -> | 1.1.4. <Craft 2x2 Task Recipe{minecraft:stick x 2}: [[stick] x 2]> Collecting materials |  -> | 1.1.5. <Collect Recipe Resources: {Recipe{minecraft:stick x 2}}> Getting planks x 2 |  -> | 1.1.6. <Crafting 2 planks [minecraft:acacia_planks, minecraft:birch_planks, minecraft:crimson_planks, minecraft:dark_oak_planks, minecraft:oak_planks, minecraft:jungle_planks, minecraft:spruce_planks, m... |  -> | 1.1.7. <Mine And Collect: [[acacia_log,birch_log,dark_oak_log,oak_log,jungle_log,spruce_log,acacia_wood,birch_wood,dark_oak_wood,oak_wood,jungle_wood,spruce_wood,stripped_acacia_log,stripped_birch_log,s... |  -> | 1.1.8. <Mining or Collecting> Trying out NEW pursuit |  -> | 1.1.9. <Destroy block at 92, 109, -110> Getting to block... |  -> | 1.1.10. <Getting to block class_2338{x=92, y=109, z=-110}> Tungsten (primary) walking (robust path)...
  TARGET (92,109,-110) is {'hardness': '2.00', 'replaceable': 'false', 'block': '·Â‚ÌÓ Ú∏ÏÌÓ„Ó ‰Û·‡', 'position': '92, 109, -110', 'id': 'minecraft:dark_oak_log', 'is_air': 'false'}
  RUNNER active=true | Chain: UserTaskChain, priority: 50.0 | Game Menu Chain(on=true,p=-Infinity) UserTaskChain(on=true,p=50.0) Mob Defense(on=true,p=0.0) Death Menu Respawn Handling(on=true,p=-Infinity) Hand Stack Fix Chain(on=true,p=-Infinity) MLG Water Bucket Fall Chain(on=true,p=-Infinity) Unstuck Chain
  t=508s inGame=True hp=20.0 pos=95.5,104.0,-44.7 items=0 busy=True d:pdEnter+529,mqStart+0,mqSteps+0,dbTick+526,rayMiss+0,leafCle+0
  TASK Description of current game pipeline that is selected: Current game tasks: Error when getting tasks! Something is broken!
  RUNNER active=true | Chain: UserTaskChain, priority: 50.0 | Game Menu Chain(on=true,p=-Infinity) UserTaskChain(on=true,p=50.0) Mob Defense(on=true,p=0.0) Death Menu Respawn Handling(on=true,p=-Infinity) Hand Stack Fix Chain(on=true,p=-Infinity) MLG Water Bucket Fall Chain(on=true,p=-Infinity) Unstuck Chain
  t=531s inGame=True hp=20.0 pos=95.5,104.0,-44.7 items=0 busy=True d:pdEnter+458,mqStart+0,mqSteps+0,dbTick+456,rayMiss+0,leafCle+0
  TASK ected: Current game tasks: Current Baritone executor task list (UserTaskChain task chain) | 1. Main task: <Beating the game (Miran version).> Priority: 400.00, Collecting resource: [[wooden_pickaxe]] | 1.1. Subtasks: <Get catalogued: {[wooden_pickaxe]}: [[wooden_pickaxe]]>  |  -> | 1.1.0. <Doing stuff in crafting_table container: [[wooden_pickaxe]]>  |  -> | 1.1.1. <Doing stuff in crafting_table container>  |  -> | 1.1.2. <Collect Recipe Resources: {Recipe{minecraft:wooden_pickaxe}}> Getting stick x 2 |  -> | 1.1.3. <Crafting 2 sticks: [[stick] x 2]>  |  -> | 1.1.4. <Craft 2x2 Task Recipe{minecraft:stick x 2}: [[stick] x 2]> Collecting materials |  -> | 1.1.5. <Collect Recipe Resources: {Recipe{minecraft:stick x 2}}> Getting planks x 2 |  -> | 1.1.6. <Crafting 2 planks [minecraft:acacia_planks, minecraft:birch_planks, minecraft:crimson_planks, minecraft:dark_oak_planks, minecraft:oak_planks, minecraft:jungle_planks, minecraft:spruce_planks, m... |  -> | 1.1.7. <Mine And Collect: [[acacia_log,birch_log,dark_oak_log,oak_log,jungle_log,spruce_log,acacia_wood,birch_wood,dark_oak_wood,oak_wood,jungle_wood,spruce_wood,stripped_acacia_log,stripped_birch_log,s... |  -> | 1.1.8. <Mining or Collecting> Trying out NEW pursuit |  -> | 1.1.9. <Destroy block at 91, 109, -110> Getting to block... |  -> | 1.1.10. <Getting to block class_2338{x=91, y=109, z=-110}> Tungsten (primary) planning...
  TARGET (91,109,-110) is {'hardness': '2.00', 'replaceable': 'false', 'block': '·Â‚ÌÓ Ú∏ÏÌÓ„Ó ‰Û·‡', 'position': '91, 109, -110', 'id': 'minecraft:dark_oak_log', 'is_air': 'false'}
  RUNNER active=true | Chain: UserTaskChain, priority: 50.0 | Game Menu Chain(on=true,p=-Infinity) UserTaskChain(on=true,p=50.0) Mob Defense(on=true,p=0.0) Death Menu Respawn Handling(on=true,p=-Infinity) Hand Stack Fix Chain(on=true,p=-Infinity) MLG Water Bucket Fall Chain(on=true,p=-Infinity) Unstuck Chain
  t=555s inGame=True hp=20.0 pos=95.5,104.0,-44.7 items=0 busy=True d:pdEnter+474,mqStart+0,mqSteps+0,dbTick+472,rayMiss+0,leafCle+0
  TASK t game tasks: Current Baritone executor task list (UserTaskChain task chain) | 1. Main task: <Beating the game (Miran version).> Priority: 400.00, Collecting resource: [[wooden_pickaxe]] | 1.1. Subtasks: <Get catalogued: {[wooden_pickaxe]}: [[wooden_pickaxe]]>  |  -> | 1.1.0. <Doing stuff in crafting_table container: [[wooden_pickaxe]]>  |  -> | 1.1.1. <Doing stuff in crafting_table container>  |  -> | 1.1.2. <Collect Recipe Resources: {Recipe{minecraft:wooden_pickaxe}}> Getting stick x 2 |  -> | 1.1.3. <Crafting 2 sticks: [[stick] x 2]>  |  -> | 1.1.4. <Craft 2x2 Task Recipe{minecraft:stick x 2}: [[stick] x 2]> Collecting materials |  -> | 1.1.5. <Collect Recipe Resources: {Recipe{minecraft:stick x 2}}> Getting planks x 2 |  -> | 1.1.6. <Crafting 2 planks [minecraft:acacia_planks, minecraft:birch_planks, minecraft:crimson_planks, minecraft:dark_oak_planks, minecraft:oak_planks, minecraft:jungle_planks, minecraft:spruce_planks, m... |  -> | 1.1.7. <Mine And Collect: [[acacia_log,birch_log,dark_oak_log,oak_log,jungle_log,spruce_log,acacia_wood,birch_wood,dark_oak_wood,oak_wood,jungle_wood,spruce_wood,stripped_acacia_log,stripped_birch_log,s... |  -> | 1.1.8. <Mining or Collecting> Trying out NEW pursuit |  -> | 1.1.9. <Destroy block at 92, 110, -109> Getting to block... |  -> | 1.1.10. <Getting to block class_2338{x=92, y=110, z=-109}> Tungsten (primary) walking (robust path)...
  TARGET (92,110,-109) is {'hardness': '2.00', 'replaceable': 'false', 'block': '·Â‚ÌÓ Ú∏ÏÌÓ„Ó ‰Û·‡', 'position': '92, 110, -109', 'id': 'minecraft:dark_oak_log', 'is_air': 'false'}
  RUNNER active=true | Chain: UserTaskChain, priority: 50.0 | Game Menu Chain(on=true,p=-Infinity) UserTaskChain(on=true,p=50.0) Mob Defense(on=true,p=0.0) Death Menu Respawn Handling(on=true,p=-Infinity) Hand Stack Fix Chain(on=true,p=-Infinity) MLG Water Bucket Fall Chain(on=true,p=-Infinity) Unstuck Chain
  t=578s inGame=True hp=20.0 pos=95.5,104.0,-44.7 items=0 busy=True d:pdEnter+468,mqStart+0,mqSteps+0,dbTick+465,rayMiss+0,leafCle+0
  TASK t game tasks: Current Baritone executor task list (UserTaskChain task chain) | 1. Main task: <Beating the game (Miran version).> Priority: 400.00, Collecting resource: [[wooden_pickaxe]] | 1.1. Subtasks: <Get catalogued: {[wooden_pickaxe]}: [[wooden_pickaxe]]>  |  -> | 1.1.0. <Doing stuff in crafting_table container: [[wooden_pickaxe]]>  |  -> | 1.1.1. <Doing stuff in crafting_table container>  |  -> | 1.1.2. <Collect Recipe Resources: {Recipe{minecraft:wooden_pickaxe}}> Getting stick x 2 |  -> | 1.1.3. <Crafting 2 sticks: [[stick] x 2]>  |  -> | 1.1.4. <Craft 2x2 Task Recipe{minecraft:stick x 2}: [[stick] x 2]> Collecting materials |  -> | 1.1.5. <Collect Recipe Resources: {Recipe{minecraft:stick x 2}}> Getting planks x 2 |  -> | 1.1.6. <Crafting 2 planks [minecraft:acacia_planks, minecraft:birch_planks, minecraft:crimson_planks, minecraft:dark_oak_planks, minecraft:oak_planks, minecraft:jungle_planks, minecraft:spruce_planks, m... |  -> | 1.1.7. <Mine And Collect: [[acacia_log,birch_log,dark_oak_log,oak_log,jungle_log,spruce_log,acacia_wood,birch_wood,dark_oak_wood,oak_wood,jungle_wood,spruce_wood,stripped_acacia_log,stripped_birch_log,s... |  -> | 1.1.8. <Mining or Collecting> Trying out NEW pursuit |  -> | 1.1.9. <Destroy block at 91, 110, -109> Getting to block... |  -> | 1.1.10. <Getting to block class_2338{x=91, y=110, z=-109}> Tungsten (primary) walking (robust path)...
  TARGET (91,110,-109) is {'hardness': '2.00', 'replaceable': 'false', 'block': '·Â‚ÌÓ Ú∏ÏÌÓ„Ó ‰Û·‡', 'position': '91, 110, -109', 'id': 'minecraft:dark_oak_log', 'is_air': 'false'}
  RUNNER active=true | Chain: UserTaskChain, priority: 50.0 | Game Menu Chain(on=true,p=-Infinity) UserTaskChain(on=true,p=50.0) Mob Defense(on=true,p=0.0) Death Menu Respawn Handling(on=true,p=-Infinity) Hand Stack Fix Chain(on=true,p=-Infinity) MLG Water Bucket Fall Chain(on=true,p=-Infinity) Unstuck Chain
  t=601s inGame=True hp=20.0 pos=95.5,104.0,-44.7 items=0 busy=True d:pdEnter+468,mqStart+0,mqSteps+0,dbTick+465,rayMiss+0,leafCle+0
  deaths this run: 3 (bench /kill excluded: 0)
    3x fell from a high place
  end inv: {'nonEmpty': 0, 'items': 0, 'ids': []}
  queue stats: called=0 deferred=0 inRange=0 clicked=0 noSup=0/0/0 | mqStarted=66 mqSteps=284 mqBack=9 mqTimeout=0 mqTicks=1703 step=0/0 pdEnter=10986 pdNotPrim=0 pdPillar=0 pdBridge=0 pdStuck=11 pdWalking=4528 pdNear=6 pdNoGoal=0 pdFinished=0 pdNoVec=0 pdStallWalk=6 pdStallReset=39 pdQueueShort=0 pdNearBusy=510 pdNearFind=11 pdPlan=521/1/0 pdLegacy=0 pdLegacyTung=0/0 exArrived=0 exRanOut=0 exSprint=116/130 execYieldMiner=0 oreSeen=604/605/606 sleepDeclined=920 oreNear=1.4/1.1 nearLockDropped=0 unknownGoal=- dbTick=11110 dbUnreachMove=32 dbUnreachWater=0 dbUnreachPillager=0 dbNear=0 dbFar=32 dbDistSum=2001 dbNearTick=162 noReach=4 air=10 hungry=0 unsafe=0 blockedBy=minecraft:stone dbTargetAir=0 rayLeaves=775 rayOther=4920 rayMiss=5207 leafCleared=4 dbBlocked=0/0/0 dbNoRetreat=0 dbStepOver=0 dbApproachStall=0 dbBestDist=23 dbTargets=57/4 dbReachGoal=0 iw=0/0/0/0 cgTick=0 cgBig=0 cgInv=0 cgNoScreen=0 cgSent=0 cgOutReady=0 cgLastSent=- cgCraftable=0 cgNotCraftable=0 cgBookOk=0 cgBookNone=0 cgSmall=0 cgScreen=- ciTick=10784 ciCollect=10753 ciReceive=10 ciGrid=0 mdCalls=12100 mdWon=795 mdFlee=0 mdFight=0 mdRet=0/0/0/795/0/0/0/0/0/0 vgCalls=0 vgEdge=0 vgFall=0/0/0/0 rimBack=0 kbThrow=0/0/0/0 kbImp=0/0/0 shIssued=1474 shDropped=93 shBlack=0 shThrown=26 shKept=0 shRefresh=20/0 shWho=[PlayerInteractionFixChain:106x23] fixKept=0 thrown=[spruce_stairsx22390 sandx11195 red_sandx11195 torchx11195 oak_saplingx11195] throwers=[BeatMinecraftTask:389x79 CraftInTableTask:146x58] dropPick=[crafting_table cost=51 dy=+1.6 of=1 next=-] deepPicks=0/0 dropBudget=0 pursuit=2/0s entBudget=0 gmDisc=0 gmRecSet=0 gmGuard=0 gmConn=0 shLastBlackSlot=-1 slotYeet=0 mqLost=0 mqStatusFail=9 mqRefused=1861(short=1617 vetoed=0) mqNoClass=66 mqNullEdge=1617 mqExpand=0/0/0/0 mqExpandAt=- qRebased=0 qOffRoute=0 qUnreachReplan=0 gridCorner=2865912 dbFarRetry=0/0 plan=195/10880/251ms/sz13/zero0(e0=0,e1=0,resc=0,snap=1,noSup=0,supNoKids=0,atGoal=0(ex0,ytol0)@-) cp=5906/1632/4193/24706/24706 diag=0/3368/4 navRes=0/0/0/0/0 navBridgeRescued=0 walkerHoleHeld=0 diagonalWalled=0 staleTail=0 ungagged=0 walkYield=2 walkYieldMiner=0 walkMode=3475/7005/0 mqParkour=0 mqAdmitMismatch=0 qPrep=0/1637 blindPrep=0 mqNull=215 gaveUp=0/0 mineRe=47@100cm/back9 dc=11214/37/4/0/0/none0/same9939/gave1/rst35@7066cm/mv5805-5409/idle1/still237-5172 mc=16/0/0/0/0 mcFlight=15 mcSwitch=1 toolSwap=0 recipesKnown=917 wander=0 wanderMoved=0 wanderChk=0/0 wanderFail=0 wanderDenied=0/0 wanderTung=0/0 emptyPathRefused=0 guideVanished=0/0 searchAborted=2 emit=9/474/9/0 tryEmit=119/9 goal=7018/10/agent[-307.5,73.0,-1133.6]->tgt[-306.6,75.6,-1133.5]d2.7 snap=10986/10338/648/self0 guide=n2 n0y104.0 n1[95.5,104.0,-44.5]d0.2 dy010.0 end[95.5,104.0,-44.5]toTgt65.1/idx16/relaxDrop0/fallChk5622985-0/smart0-0/resumeKept0/stopBy[TungstenHelper@600:76 CustomBaritoneGoalTask@521:8 CustomBaritoneGoalTask@609:6 PathFinder@1533:2]/spared45/bsEnd[c0 t354 s5 x0]closest169cm bsIn[f0 s363 i1236655] salvage=0/0 resetEmit=0/0 resetRefused=178 resetNoGain=180 children=271564/27013/27013 rej=0/0/0/0 gen=257440/255473 sweepKept=0/0 salvageEmit=0/0 dbDenied=4071 airProg=30 lavaEsc=0 lavaCond=0/12100 surv=12100/12100 tbl=0/0@0 bs=119/118/170/170@4543ms navUnsafeAir=0 sm=0/0 smWater=0 srch=85/0/0 fallRetry=91/695 fallHarmless=0/0 fallPriced=0/0 gaveUpFallRetry=0 wallSkipRefused=0 gotoResumedFromSearch=0 drop=21917/51/42 scan=140865/11103/56/0/0/0 navStop=0/0/0 fleeSpot=0/0 lock=0/0/0@- lockAnat=51/38/12/0/0/1/6 lockRetarget=0/0 cb=0/0/367/0 avoidSrc=0/0/2/65@pred@BeatMinecraftTask.onStart:1130/pred@BeatMinecraftTask.onStart:1130 et=19541/19539 sprint=903/1637 lowHp=0/0 standOff=0 hurt=0/0/0 hurtWin=174/0 diseng=220/2 ctl=0 cq=0/0/0 los=0/0/0/0 kaTung=0/0/0/0 dte=0/0/0/0/0/0/near0 mdTung=0/0 mdFleeStuck=0 mdFleeShooter=0 mdFar=0/0 arrows=0/0.00/0.00 draws=0/0/0/0.00 band=0/-1 dodgeYield=0 latch=0/0 breakFail=0/0/0/0/0 chains=[UserTaskChain:11195 MobDefense:795 MLGWaterBucketFallChain:110] stranded=20/dig0/own0/back0/away1/primary/200@48/primary/200 gp=12100/0/0/0/0 dodgeTask=0/0.00 dealt=0.0/0.0/12117 hitSize=0/0/0/0 takeSize=5/13/0/2 slotSync=0/0 critReset=0 stray=0/0 heldSwing=0 loseKite=0 holdBow=0 punkKept=0 swingHits=0 dodgeDrive=0 hop=0/0/0/0/0/0/0 mdPillarD=0 dmgTaken=88.8 dw=20/88.8/21.76/31.80/16/3 dwNoBlame=4 dmgWhy=0/0/0/0/20@0.0 strafe=0/0 voidEntries=3 voidTicks=17 lastFall=[pos=90.9,101.9,-20.6 vel=-0.014,-0.155,0.014 wasOnGround=true sneak=false punk=false flee=false bow=false exec=false walker=true] hits=3/9/4/4 hitRange=29.20/42.98 mdBow=0 bowShots=0 bowWild=0 bowNoSol=0 bowRestart=0 bowAimTO=0 bowDrawTO=0 bowBestMiss=-1.00 bowFacing=0 bowNoRoom=0 flee=0/0/0/0/0/0 qBurn=0 qTp=14 qNoMove=0 stuck=[-] staleRoot=0 | mvRequested=0 mvCooldown=0 mvNoHit=0 mvClicked=0 mvSteered=759 | mv=16/12/1/3/0 pnb=0/0/0/0 pnbExit=0/0/0/0 gateThrough=0 gateHeld=5359 queued=0 queuePlaced=0 entityReleased=0/0 idrop=1163/0/0/1163 rt=65319/11163/1061 entityCloseWalk=0/0/0/0/0/0/0 closeWalkGeom=0/0/0/0 deep=0/0/0 cwJump=0 cwSneakRel=0 cwLease=0 cwDeep=0 closeWalkFwd=0/0/0
  recent chat: ['ß2ßlßo[Tungsten] ßrWalker: BFS 2 wp', 'ß2ßlßo[Tungsten] ßrWalker: BFS 2 wp', 'ß2ßlßo[Alto Clef] ßrprimDrive gridBFS sz1 degenfalse d64.9 dy11.0', 'ß2ßlßo[Alto Clef] ßrprimDrive robustPath presenttrue sz2 freshtrue', 'ß2ßlßo[Tungsten] ßrWalker: BFS 2 wp', 'ß2ßlßo[Tungsten] ßrWalker: BFS 2 wp', 'ß2ßlßo[Alto Clef] ßrprimDrive gridBFS sz1 degenfalse d64.9 dy11.0', 'ß2ßlßo[Alto Clef] ßrprimDrive robustPath presenttrue sz2 freshtrue', 'ß2ßlßo[Tungsten] ßrWalker: BFS 2 wp', 'ß2ßlßo[Tungsten] ßrWalker: BFS 2 wp']

=== RESULTS ===
  responsive polls: 26, busy polls: 26, distinct positions: 18, items gained: 1
  ladder: crafting@44.7s
  client fps (median): 27.0 over 26 samples
  PHASES total=647s rcon=1s(0%) connect=17s(3%) reset=17s(3%) start=7s(1%) watch=605s(94%)
  GAMER_SMOKE: PASS

=========== RUN 5/6 ===========
[1] wait gamer-server rcon...
  [ok] gamer rcon
[2] connect bot to gamer-server...
  [ok] bot in game (gamer)
  [ok] world loaded (bot has a position)
[2b] reset to a known start (kill -> respawn -> empty -> heal -> day)...
  [ok] bot respawned
  paired A/B start: spiral #43  (held for the B arm)
  fresh start #43: -8 150 -1439
  start has 117 log blocks within 40
  pair ground saved: -8 150 -1439
  start pos: -7.5,88.0,-1439.5 (pinned)
[3] tungsten-primary (SHIPPED DEFAULT) + @gamer...
  client fps before start: 24.0
  STAND FLAGS ON: allowBreak allowPlace avoidStuckAnvil avoidStuckFence barrenLockCountsAsFailure barrenStreakPerEntity botFpsNoIdleThrottle breakBanEscalates chaseUsesQueue closestPursuitHasBudget collectDropsBeforeTools combatMovementsEnabled combatReachControl combatRotatesEnabled combatSaverEnabled combatTriggerBotEnabled critReleasesSprint dropBudgetSurvivesTaskRebuild dropPursuitHasBudget emptyPathIsNotArrival enableNativeRotation enableParallelStreaming enablePitchChange entityCloseRangeWalk entitySearchMustMove entityWanderWhenNavRefuses fastBlockFirst followBlockPathFinderEnabled followJumpingEnabled gotoResumeNeedsRealTarget gridBfsRefusesCornerCut gridRouteMatchesQueueMoves guideDiesWithItsRelaxation legacyYieldsToWalker lockKeepsRouteWhileTargetStands navGroundCollisionCheck navStopOnTaskEnd navUsesQueue neverHandOffToLegacy pathAvoidsFallDamage planPlaceMoves planSnapsStartToSupport predictDamageFromBlocks queueClimbs queueDedupesRoute rerootMustExtendTheGuide resetPrefixNeedsMovement scanCheapTestFirst sleepNeedsAnObtainableBed stallCheckNeedsMovement toolsetYieldsToOre unstuckWhenGoalButNoPath vanishedGuideSalvagesRoute verboseDebugLogging wanderKeepsWalkerKeys wanderUsesTungsten
  ARM B
  PIN unstuckWhenGoalButNoPath=true
  PIN VERIFIED unstuckWhenGoalButNoPath=true
  PIN unstuckWhenGoalButNoPath=false
  PIN RETRY 1 unstuckWhenGoalButNoPath=false
  PIN VERIFIED unstuckWhenGoalButNoPath=false
  shipped pathing flags: {'tungstenPrimary': True, 'ok': True}
  walker debug: {'r': "{'walkerDebug': True, 'ok': True}"}
  zero counters: {'r': "{'ok': True}"}
  start inv: {'nonEmpty': 0, 'items': 0, 'ids': []}
[4] watching 10.0 min for progress...
  TASK Description of current game pipeline that is selected: Current game tasks: Current Baritone executor task list (UserTaskChain task chain) | 1. Main task: <Beating the game (Miran version).> Priority: 400.00, Collecting resource: [[wooden_pickaxe]] | 1.1. Subtasks: <Get catalogued: {[wooden_pickaxe]}: [[wooden_pickaxe]]>  |  -> | 1.1.0. <Doing stuff in crafting_table container: [[wooden_pickaxe]]>  |  -> | 1.1.1. <Doing stuff in crafting_table container>  |  -> | 1.1.2. <Collect Recipe Resources: {Recipe{minecraft:wooden_pickaxe}}> Getting planks x 3 |  -> | 1.1.3. <Crafting 3 planks [minecraft:acacia_planks, minecraft:birch_planks, minecraft:crimson_planks, minecraft:dark_oak_planks, minecraft:oak_planks, minecraft:jungle_planks, minecraft:spruce_planks, m... |  -> | 1.1.4. <Mine And Collect: [[acacia_log,birch_log,dark_oak_log,oak_log,jungle_log,spruce_log,acacia_wood,birch_wood,dark_oak_wood,oak_wood,jungle_wood,spruce_wood,stripped_acacia_log,stripped_birch_log,s... |  -> | 1.1.5. <Mining or Collecting>  |  -> | 1.1.6. <Pickup Dropped Items: [[acacia_log,birch_log,dark_oak_log,oak_log,jungle_log,spruce_log,acacia_wood,birch_wood,dark_oak_wood,oak_wood,jungle_wood,spruce_wood,stripped_acacia_log,stripped_birch_l... |  -> | 1.1.7. <Approach entity entity.minecraft.item> Walking straight at it (navigation would not)
  RUNNER active=true | Chain: UserTaskChain, priority: 50.0 | Game Menu Chain(on=true,p=-Infinity) UserTaskChain(on=true,p=50.0) Mob Defense(on=true,p=0.0) Death Menu Respawn Handling(on=true,p=-Infinity) Hand Stack Fix Chain(on=true,p=-Infinity) MLG Water Bucket Fall Chain(on=true,p=-Infinity) Unstuck Chain
  RUNG 'first craft' at 21.7s
  t=22s inGame=True hp=20.0 pos=9.5,87.0,-1438.4 items=6 busy=True d:pdEnter+69,mqStart+3,mqSteps+27,dbTick+217,rayMiss+51,leafCle+15
  TASK Description of current game pipeline that is selected: Current game tasks: Current Baritone executor task list (UserTaskChain task chain) | 1. Main task: <Beating the game (Miran version).> Priority: 400.00, Collecting resource: [[wooden_pickaxe]] | 1.1. Subtasks: <Get catalogued: {[wooden_pickaxe]}: [[wooden_pickaxe]]>  |  -> | 1.1.0. <Doing stuff in crafting_table container: [[wooden_pickaxe]]>  |  -> | 1.1.1. <Doing stuff in crafting_table container>  |  -> | 1.1.2. <Collect Recipe Resources: {Recipe{minecraft:wooden_pickaxe}}> Getting planks x 3 |  -> | 1.1.3. <Crafting 3 planks [minecraft:acacia_planks, minecraft:birch_planks, minecraft:crimson_planks, minecraft:dark_oak_planks, minecraft:oak_planks, minecraft:jungle_planks, minecraft:spruce_planks, m... |  -> | 1.1.4. <Mine And Collect: [[acacia_log,birch_log,dark_oak_log,oak_log,jungle_log,spruce_log,acacia_wood,birch_wood,dark_oak_wood,oak_wood,jungle_wood,spruce_wood,stripped_acacia_log,stripped_birch_log,s... |  -> | 1.1.5. <Mining or Collecting>  |  -> | 1.1.6. <Pickup Dropped Items: [[acacia_log,birch_log,dark_oak_log,oak_log,jungle_log,spruce_log,acacia_wood,birch_wood,dark_oak_wood,oak_wood,jungle_wood,spruce_wood,stripped_acacia_log,stripped_birch_l... |  -> | 1.1.7. <Wander for 5.0 blocks> Exploring.
  RUNNER active=true | Chain: UserTaskChain, priority: 50.0 | Game Menu Chain(on=true,p=-Infinity) UserTaskChain(on=true,p=50.0) Mob Defense(on=true,p=0.0) Death Menu Respawn Handling(on=true,p=-Infinity) Hand Stack Fix Chain(on=true,p=-Infinity) MLG Water Bucket Fall Chain(on=true,p=-Infinity) Unstuck Chain
  t=44s inGame=True hp=20.0 pos=12.1,87.0,-1438.7 items=6 busy=True d:pdEnter+0,mqStart+0,mqSteps+0,dbTick+0,rayMiss+0,leafCle+0
  RUNNER active=true | Chain: UserTaskChain, priority: 50.0 | Game Menu Chain(on=true,p=-Infinity) UserTaskChain(on=true,p=50.0) Mob Defense(on=true,p=0.0) Death Menu Respawn Handling(on=true,p=-Infinity) Hand Stack Fix Chain(on=true,p=-Infinity) MLG Water Bucket Fall Chain(on=true,p=-Infinity) Unstuck Chain
  t=67s inGame=True hp=20.0 pos=12.1,87.0,-1438.7 items=6 busy=True d:pdEnter+0,mqStart+0,mqSteps+0,dbTick+0,rayMiss+0,leafCle+0
  RUNNER active=true | Chain: UserTaskChain, priority: 50.0 | Game Menu Chain(on=true,p=-Infinity) UserTaskChain(on=true,p=50.0) Mob Defense(on=true,p=0.0) Death Menu Respawn Handling(on=true,p=-Infinity) Hand Stack Fix Chain(on=true,p=-Infinity) MLG Water Bucket Fall Chain(on=true,p=-Infinity) Unstuck Chain
  t=89s inGame=True hp=20.0 pos=12.1,87.0,-1438.7 items=6 busy=True d:pdEnter+0,mqStart+0,mqSteps+0,dbTick+0,rayMiss+0,leafCle+0
  TASK Description of current game pipeline that is selected: Current game tasks: Current Baritone executor task list (UserTaskChain task chain) | 1. Main task: <Beating the game (Miran version).> Priority: 400.00, Collecting resource: [[wooden_pickaxe]] | 1.1. Subtasks: <Get catalogued: {[wooden_pickaxe]}: [[wooden_pickaxe]]>  |  -> | 1.1.0. <Doing stuff in crafting_table container: [[wooden_pickaxe]]>  |  -> | 1.1.1. <Doing stuff in crafting_table container>  |  -> | 1.1.2. <Collect Recipe Resources: {Recipe{minecraft:wooden_pickaxe}}> Getting planks x 3 |  -> | 1.1.3. <Crafting 3 planks [minecraft:acacia_planks, minecraft:birch_planks, minecraft:crimson_planks, minecraft:dark_oak_planks, minecraft:oak_planks, minecraft:jungle_planks, minecraft:spruce_planks, m... |  -> | 1.1.4. <Mine And Collect: [[acacia_log,birch_log,dark_oak_log,oak_log,jungle_log,spruce_log,acacia_wood,birch_wood,dark_oak_wood,oak_wood,jungle_wood,spruce_wood,stripped_acacia_log,stripped_birch_log,s... |  -> | 1.1.5. <Mining or Collecting>  |  -> | 1.1.6. <Pickup Dropped Items: [[acacia_log,birch_log,dark_oak_log,oak_log,jungle_log,spruce_log,acacia_wood,birch_wood,dark_oak_wood,oak_wood,jungle_wood,spruce_wood,stripped_acacia_log,stripped_birch_l... |  -> | 1.1.7. <Wander for 10.0 blocks> Exploring.
  RUNNER active=true | Chain: UserTaskChain, priority: 50.0 | Game Menu Chain(on=true,p=-Infinity) UserTaskChain(on=true,p=50.0) Mob Defense(on=true,p=0.0) Death Menu Respawn Handling(on=true,p=-Infinity) Hand Stack Fix Chain(on=true,p=-Infinity) MLG Water Bucket Fall Chain(on=true,p=-Infinity) Unstuck Chain
  STALLED: position unchanged for 3 polls at 12.1,87.0,-1438.7
  stall evidence written to C:\repos\pet\unionclef\deploy\runner\freezes\stall_run5.txt
  t=114s inGame=True hp=20.0 pos=12.1,87.0,-1438.7 items=6 busy=True d:pdEnter+0,mqStart+0,mqSteps+0,dbTick+0,rayMiss+0,leafCle+0
  RUNNER active=true | Chain: UserTaskChain, priority: 50.0 | Game Menu Chain(on=true,p=-Infinity) UserTaskChain(on=true,p=50.0) Mob Defense(on=true,p=0.0) Death Menu Respawn Handling(on=true,p=-Infinity) Hand Stack Fix Chain(on=true,p=-Infinity) MLG Water Bucket Fall Chain(on=true,p=-Infinity) Unstuck Chain
  t=137s inGame=True hp=20.0 pos=12.1,87.0,-1438.7 items=6 busy=True d:pdEnter+0,mqStart+0,mqSteps+0,dbTick+0,rayMiss+0,leafCle+0
  TASK Description of current game pipeline that is selected: Current game tasks: Current Baritone executor task list (UserTaskChain task chain) | 1. Main task: <Beating the game (Miran version).> Priority: 400.00, Collecting resource: [[wooden_pickaxe]] | 1.1. Subtasks: <Get catalogued: {[wooden_pickaxe]}: [[wooden_pickaxe]]>  |  -> | 1.1.0. <Doing stuff in crafting_table container: [[wooden_pickaxe]]>  |  -> | 1.1.1. <Doing stuff in crafting_table container> Getting container item |  -> | 1.1.2. <Craft 2x2 Task Recipe{minecraft:crafting_table}: [[crafting_table]]> Crafting in inventory... for [crafting_table] |  -> | 1.1.3. <Crafting: Recipe{minecraft:crafting_table}> Moving item to slot... |  -> | 1.1.4. <Moving planks to PlayerSlot{inventory slot = 1, window slot = 1}> 
  RUNNER active=true | Chain: UserTaskChain, priority: 50.0 | Game Menu Chain(on=true,p=-Infinity) UserTaskChain(on=true,p=50.0) Mob Defense(on=true,p=0.0) Death Menu Respawn Handling(on=true,p=-Infinity) Hand Stack Fix Chain(on=true,p=-Infinity) MLG Water Bucket Fall Chain(on=true,p=-Infinity) Unstuck Chain
  t=159s inGame=True hp=20.0 pos=12.1,87.0,-1438.7 items=6 busy=True d:pdEnter+5,mqStart+1,mqSteps+12,dbTick+10,rayMiss+5,leafCle+0
  TASK Description of current game pipeline that is selected: Current game tasks: Current Baritone executor task list (UserTaskChain task chain) | 1. Main task: <Beating the game (Miran version).> Priority: 410.00, Crafting Recipe{minecraft:stone_pickaxe} | 1.1. Subtasks: <Doing stuff in crafting_table container: [[stone_pickaxe]]>  |  -> | 1.1.0. <Doing stuff in crafting_table container>  |  -> | 1.1.1. <Collect Recipe Resources: {Recipe{minecraft:stone_pickaxe}}> Getting cobblestone x 3 |  -> | 1.1.2. <Collect minecraft:cobblestone: [[cobblestone] x 3]>  |  -> | 1.1.3. <Mine And Collect: [[cobblestone]]>  |  -> | 1.1.4. <Mining or Collecting>  |  -> | 1.1.5. <Destroy block at 5, 82, -1433> Getting to block... |  -> | 1.1.6. <Getting to block class_2338{x=5, y=82, z=-1433}> Tungsten (primary) pathfinding...
  TARGET (5,82,-1433) is {'hardness': '1.50', 'replaceable': 'false', 'block': 'Í‡ÏÂÌ¸', 'position': '5, 82, -1433', 'id': 'minecraft:stone', 'is_air': 'false'}
  RUNNER active=true | Chain: UserTaskChain, priority: 50.0 | Game Menu Chain(on=true,p=-Infinity) UserTaskChain(on=true,p=50.0) Mob Defense(on=true,p=0.0) Death Menu Respawn Handling(on=true,p=-Infinity) Hand Stack Fix Chain(on=true,p=-Infinity) MLG Water Bucket Fall Chain(on=true,p=-Infinity) Unstuck Chain
  RUNG 'wood' at 181.7s
  RUNG 'crafting' at 181.7s
  RUNG 'wood tools' at 181.7s
  t=182s inGame=True hp=20.0 pos=5.9,87.0,-1432.2 items=8 busy=True d:pdEnter+165,mqStart+0,mqSteps+0,dbTick+373,rayMiss+0,leafCle+2
  TASK Description of current game pipeline that is selected: Current game tasks: Current Baritone executor task list (UserTaskChain task chain) | 1. Main task: <Beating the game (Miran version).> Priority: 410.00, Crafting Recipe{minecraft:stone_pickaxe} | 1.1. Subtasks: <Doing stuff in crafting_table container: [[stone_pickaxe]]>  |  -> | 1.1.0. <Doing stuff in crafting_table container>  |  -> | 1.1.1. <Collect Recipe Resources: {Recipe{minecraft:stone_pickaxe}}> Getting cobblestone x 3 |  -> | 1.1.2. <Collect minecraft:cobblestone: [[cobblestone] x 3]>  |  -> | 1.1.3. <Mine And Collect: [[cobblestone]]>  |  -> | 1.1.4. <Mining or Collecting> Trying out NEW pursuit |  -> | 1.1.5. <Destroy block at 8, 82, -1433> Getting to block... |  -> | 1.1.6. <Getting to block class_2338{x=8, y=82, z=-1433}> Tungsten (primary) pathfinding...
  TARGET (8,82,-1433) is {'hardness': '1.50', 'replaceable': 'false', 'block': 'Í‡ÏÂÌ¸', 'position': '8, 82, -1433', 'id': 'minecraft:stone', 'is_air': 'false'}
  RUNNER active=true | Chain: UserTaskChain, priority: 50.0 | Game Menu Chain(on=true,p=-Infinity) UserTaskChain(on=true,p=50.0) Mob Defense(on=true,p=0.0) Death Menu Respawn Handling(on=true,p=-Infinity) Hand Stack Fix Chain(on=true,p=-Infinity) MLG Water Bucket Fall Chain(on=true,p=-Infinity) Unstuck Chain
  t=205s inGame=True hp=20.0 pos=8.8,87.0,-1432.7 items=8 busy=True d:pdEnter+466,mqStart+0,mqSteps+0,dbTick+463,rayMiss+0,leafCle+0
  TASK Description of current game pipeline that is selected: Current game tasks: Current Baritone executor task list (UserTaskChain task chain) | 1. Main task: <Beating the game (Miran version).> Priority: 410.00, Crafting Recipe{minecraft:stone_pickaxe} | 1.1. Subtasks: <Doing stuff in crafting_table container: [[stone_pickaxe]]>  |  -> | 1.1.0. <Doing stuff in crafting_table container>  |  -> | 1.1.1. <Collect Recipe Resources: {Recipe{minecraft:stone_pickaxe}}> Getting cobblestone x 3 |  -> | 1.1.2. <Collect minecraft:cobblestone: [[cobblestone] x 3]>  |  -> | 1.1.3. <Mine And Collect: [[cobblestone]]>  |  -> | 1.1.4. <Mining or Collecting> Retrying old heuristic! |  -> | 1.1.5. <Destroy block at 10, 82, -1433> Getting to block... |  -> | 1.1.6. <Getting to block class_2338{x=10, y=82, z=-1433}> Tungsten (primary) pathfinding...
  TARGET (10,82,-1433) is {'hardness': '1.50', 'replaceable': 'false', 'block': 'Í‡ÏÂÌ¸', 'position': '10, 82, -1433', 'id': 'minecraft:stone', 'is_air': 'false'}
  RUNNER active=true | Chain: UserTaskChain, priority: 50.0 | Game Menu Chain(on=true,p=-Infinity) UserTaskChain(on=true,p=50.0) Mob Defense(on=true,p=0.0) Death Menu Respawn Handling(on=true,p=-Infinity) Hand Stack Fix Chain(on=true,p=-Infinity) MLG Water Bucket Fall Chain(on=true,p=-Infinity) Unstuck Chain
  t=228s inGame=True hp=20.0 pos=11.3,87.0,-1432.4 items=8 busy=True d:pdEnter+426,mqStart+0,mqSteps+0,dbTick+455,rayMiss+0,leafCle+0
  TASK Description of current game pipeline that is selected: Current game tasks: Current Baritone executor task list (UserTaskChain task chain) | 1. Main task: <Beating the game (Miran version).> Priority: 410.00, Crafting Recipe{minecraft:stone_pickaxe} | 1.1. Subtasks: <Doing stuff in crafting_table container: [[stone_pickaxe]]>  |  -> | 1.1.0. <Doing stuff in crafting_table container>  |  -> | 1.1.1. <Collect Recipe Resources: {Recipe{minecraft:stone_pickaxe}}> Getting cobblestone x 3 |  -> | 1.1.2. <Collect minecraft:cobblestone: [[cobblestone] x 3]>  |  -> | 1.1.3. <Mine And Collect: [[cobblestone]]>  |  -> | 1.1.4. <Mining or Collecting> Trying out NEW pursuit |  -> | 1.1.5. <Destroy block at 8, 82, -1438> Getting to block... |  -> | 1.1.6. <Getting to block class_2338{x=8, y=82, z=-1438}> Tungsten (primary) pathfinding...
  TARGET (8,82,-1438) is {'hardness': '1.50', 'replaceable': 'false', 'block': 'Í‡ÏÂÌ¸', 'position': '8, 82, -1438', 'id': 'minecraft:stone', 'is_air': 'false'}
  RUNNER active=true | Chain: UserTaskChain, priority: 50.0 | Game Menu Chain(on=true,p=-Infinity) UserTaskChain(on=true,p=50.0) Mob Defense(on=true,p=0.0) Death Menu Respawn Handling(on=true,p=-Infinity) Hand Stack Fix Chain(on=true,p=-Infinity) MLG Water Bucket Fall Chain(on=true,p=-Infinity) Unstuck Chain
  t=251s inGame=True hp=20.0 pos=8.4,87.0,-1437.6 items=13 busy=True d:pdEnter+439,mqStart+0,mqSteps+0,dbTick+454,rayMiss+0,leafCle+0
  TASK Description of current game pipeline that is selected: Current game tasks: Current Baritone executor task list (UserTaskChain task chain) | 1. Main task: <Beating the game (Miran version).> Priority: 410.00, Crafting Recipe{minecraft:stone_pickaxe} | 1.1. Subtasks: <Doing stuff in crafting_table container: [[stone_pickaxe]]>  |  -> | 1.1.0. <Doing stuff in crafting_table container>  |  -> | 1.1.1. <Collect Recipe Resources: {Recipe{minecraft:stone_pickaxe}}> Getting cobblestone x 3 |  -> | 1.1.2. <Collect minecraft:cobblestone: [[cobblestone] x 3]>  |  -> | 1.1.3. <Mine And Collect: [[cobblestone]]>  |  -> | 1.1.4. <Mining or Collecting> Trying out NEW pursuit |  -> | 1.1.5. <Destroy block at 3, 82, -1438> Getting to block... |  -> | 1.1.6. <Getting to block class_2338{x=3, y=82, z=-1438}> Tungsten (primary) pathfinding...
  TARGET (3,82,-1438) is {'hardness': '1.50', 'replaceable': 'false', 'block': 'Í‡ÏÂÌ¸', 'position': '3, 82, -1438', 'id': 'minecraft:stone', 'is_air': 'false'}
  RUNNER active=true | Chain: UserTaskChain, priority: 50.0 | Game Menu Chain(on=true,p=-Infinity) UserTaskChain(on=true,p=50.0) Mob Defense(on=true,p=0.0) Death Menu Respawn Handling(on=true,p=-Infinity) Hand Stack Fix Chain(on=true,p=-Infinity) MLG Water Bucket Fall Chain(on=true,p=-Infinity) Unstuck Chain
  t=273s inGame=True hp=20.0 pos=3.0,87.0,-1437.2 items=13 busy=True d:pdEnter+457,mqStart+0,mqSteps+0,dbTick+454,rayMiss+0,leafCle+0
  RUNNER active=true | Chain: UserTaskChain, priority: 50.0 | Game Menu Chain(on=true,p=-Infinity) UserTaskChain(on=true,p=50.0) Mob Defense(on=true,p=0.0) Death Menu Respawn Handling(on=true,p=-Infinity) Hand Stack Fix Chain(on=true,p=-Infinity) MLG Water Bucket Fall Chain(on=true,p=-Infinity) Unstuck Chain
  t=296s inGame=True hp=20.0 pos=3.1,87.0,-1437.3 items=13 busy=True d:pdEnter+449,mqStart+0,mqSteps+0,dbTick+446,rayMiss+0,leafCle+0
  TASK Description of current game pipeline that is selected: Current game tasks: Current Baritone executor task list (UserTaskChain task chain) | 1. Main task: <Beating the game (Miran version).> Priority: 410.00, Crafting Recipe{minecraft:stone_pickaxe} | 1.1. Subtasks: <Doing stuff in crafting_table container: [[stone_pickaxe]]>  |  -> | 1.1.0. <Doing stuff in crafting_table container>  |  -> | 1.1.1. <Collect Recipe Resources: {Recipe{minecraft:stone_pickaxe}}> Getting cobblestone x 3 |  -> | 1.1.2. <Collect minecraft:cobblestone: [[cobblestone] x 3]>  |  -> | 1.1.3. <Mine And Collect: [[cobblestone]]>  |  -> | 1.1.4. <Mining or Collecting> Moving towards closest... |  -> | 1.1.5. <Destroy block at 4, 82, -1438> Getting to block... |  -> | 1.1.6. <Getting to block class_2338{x=4, y=82, z=-1438}> Tungsten (primary) pathfinding...
  TARGET (4,82,-1438) is {'hardness': '1.50', 'replaceable': 'false', 'block': 'Í‡ÏÂÌ¸', 'position': '4, 82, -1438', 'id': 'minecraft:stone', 'is_air': 'false'}
  RUNNER active=true | Chain: UserTaskChain, priority: 50.0 | Game Menu Chain(on=true,p=-Infinity) UserTaskChain(on=true,p=50.0) Mob Defense(on=true,p=0.0) Death Menu Respawn Handling(on=true,p=-Infinity) Hand Stack Fix Chain(on=true,p=-Infinity) MLG Water Bucket Fall Chain(on=true,p=-Infinity) Unstuck Chain
  t=318s inGame=True hp=20.0 pos=4.0,87.0,-1437.7 items=13 busy=True d:pdEnter+459,mqStart+0,mqSteps+0,dbTick+458,rayMiss+0,leafCle+0
  TASK Description of current game pipeline that is selected: Current game tasks: Current Baritone executor task list (UserTaskChain task chain) | 1. Main task: <Beating the game (Miran version).> Priority: 410.00, Crafting Recipe{minecraft:stone_pickaxe} | 1.1. Subtasks: <Doing stuff in crafting_table container: [[stone_pickaxe]]>  |  -> | 1.1.0. <Doing stuff in crafting_table container>  |  -> | 1.1.1. <Collect Recipe Resources: {Recipe{minecraft:stone_pickaxe}}> Getting cobblestone x 3 |  -> | 1.1.2. <Collect minecraft:cobblestone: [[cobblestone] x 3]>  |  -> | 1.1.3. <Mine And Collect: [[cobblestone]]>  |  -> | 1.1.4. <Mining or Collecting> Moving towards closest... |  -> | 1.1.5. <Destroy block at 3, 82, -1439> Getting to block... |  -> | 1.1.6. <Getting to block class_2338{x=3, y=82, z=-1439}> Tungsten (primary) pathfinding...
  TARGET (3,82,-1439) is {'hardness': '1.50', 'replaceable': 'false', 'block': 'Í‡ÏÂÌ¸', 'position': '3, 82, -1439', 'id': 'minecraft:stone', 'is_air': 'false'}
  RUNNER active=true | Chain: UserTaskChain, priority: 50.0 | Game Menu Chain(on=true,p=-Infinity) UserTaskChain(on=true,p=50.0) Mob Defense(on=true,p=0.0) Death Menu Respawn Handling(on=true,p=-Infinity) Hand Stack Fix Chain(on=true,p=-Infinity) MLG Water Bucket Fall Chain(on=true,p=-Infinity) Unstuck Chain
  LADDER STALLED: no new rung for 150s (last: wood tools)
  stall evidence written to C:\repos\pet\unionclef\deploy\runner\freezes\stall_run5_ladder.txt
  t=344s inGame=True hp=20.0 pos=3.6,87.0,-1438.4 items=13 busy=True d:pdEnter+458,mqStart+0,mqSteps+0,dbTick+457,rayMiss+0,leafCle+0
  TASK Description of current game pipeline that is selected: Current game tasks: Current Baritone executor task list (UserTaskChain task chain) | 1. Main task: <Beating the game (Miran version).> Priority: 410.00, Crafting Recipe{minecraft:stone_pickaxe} | 1.1. Subtasks: <Doing stuff in crafting_table container: [[stone_pickaxe]]>  |  -> | 1.1.0. <Doing stuff in crafting_table container>  |  -> | 1.1.1. <Collect Recipe Resources: {Recipe{minecraft:stone_pickaxe}}> Getting cobblestone x 3 |  -> | 1.1.2. <Collect minecraft:cobblestone: [[cobblestone] x 3]>  |  -> | 1.1.3. <Mine And Collect: [[cobblestone]]>  |  -> | 1.1.4. <Mining or Collecting> Moving towards closest... |  -> | 1.1.5. <Destroy block at 4, 82, -1440> Getting to block... |  -> | 1.1.6. <Getting to block class_2338{x=4, y=82, z=-1440}> Tungsten (primary) pathfinding...
  TARGET (4,82,-1440) is {'hardness': '1.50', 'replaceable': 'false', 'block': 'Í‡ÏÂÌ¸', 'position': '4, 82, -1440', 'id': 'minecraft:stone', 'is_air': 'false'}
  RUNNER active=true | Chain: UserTaskChain, priority: 50.0 | Game Menu Chain(on=true,p=-Infinity) UserTaskChain(on=true,p=50.0) Mob Defense(on=true,p=0.0) Death Menu Respawn Handling(on=true,p=-Infinity) Hand Stack Fix Chain(on=true,p=-Infinity) MLG Water Bucket Fall Chain(on=true,p=-Infinity) Unstuck Chain
  t=367s inGame=True hp=20.0 pos=4.5,87.0,-1438.8 items=13 busy=True d:pdEnter+514,mqStart+0,mqSteps+0,dbTick+509,rayMiss+0,leafCle+0
  TASK Description of current game pipeline that is selected: Current game tasks: Current Baritone executor task list (UserTaskChain task chain) | 1. Main task: <Beating the game (Miran version).> Priority: 410.00, Crafting Recipe{minecraft:stone_pickaxe} | 1.1. Subtasks: <Doing stuff in crafting_table container: [[stone_pickaxe]]>  |  -> | 1.1.0. <Doing stuff in crafting_table container>  |  -> | 1.1.1. <Collect Recipe Resources: {Recipe{minecraft:stone_pickaxe}}> Getting cobblestone x 3 |  -> | 1.1.2. <Collect minecraft:cobblestone: [[cobblestone] x 3]>  |  -> | 1.1.3. <Mine And Collect: [[cobblestone]]>  |  -> | 1.1.4. <Mining or Collecting> Moving towards closest... |  -> | 1.1.5. <Destroy block at 4, 82, -1441> Getting to block... |  -> | 1.1.6. <Getting to block class_2338{x=4, y=82, z=-1441}> Tungsten (primary) pathfinding...
  TARGET (4,82,-1441) is {'hardness': '1.50', 'replaceable': 'false', 'block': 'Í‡ÏÂÌ¸', 'position': '4, 82, -1441', 'id': 'minecraft:stone', 'is_air': 'false'}
  RUNNER active=true | Chain: UserTaskChain, priority: 50.0 | Game Menu Chain(on=true,p=-Infinity) UserTaskChain(on=true,p=50.0) Mob Defense(on=true,p=0.0) Death Menu Respawn Handling(on=true,p=-Infinity) Hand Stack Fix Chain(on=true,p=-Infinity) MLG Water Bucket Fall Chain(on=true,p=-Infinity) Unstuck Chain
  t=389s inGame=True hp=20.0 pos=4.5,87.0,-1440.2 items=13 busy=True d:pdEnter+452,mqStart+0,mqSteps+0,dbTick+451,rayMiss+0,leafCle+0
  TASK Description of current game pipeline that is selected: Current game tasks: Current Baritone executor task list (UserTaskChain task chain) | 1. Main task: <Beating the game (Miran version).> Priority: 410.00, Crafting Recipe{minecraft:stone_pickaxe} | 1.1. Subtasks: <Doing stuff in crafting_table container: [[stone_pickaxe]]>  |  -> | 1.1.0. <Doing stuff in crafting_table container>  |  -> | 1.1.1. <Collect Recipe Resources: {Recipe{minecraft:stone_pickaxe}}> Getting cobblestone x 3 |  -> | 1.1.2. <Collect minecraft:cobblestone: [[cobblestone] x 3]>  |  -> | 1.1.3. <Mine And Collect: [[cobblestone]]>  |  -> | 1.1.4. <Mining or Collecting> Trying out NEW pursuit |  -> | 1.1.5. <Destroy block at 3, 82, -1440> Getting to block... |  -> | 1.1.6. <Getting to block class_2338{x=3, y=82, z=-1440}> Tungsten (primary) pathfinding...
  TARGET (3,82,-1440) is {'hardness': '1.50', 'replaceable': 'false', 'block': 'Í‡ÏÂÌ¸', 'position': '3, 82, -1440', 'id': 'minecraft:stone', 'is_air': 'false'}
  RUNNER active=true | Chain: UserTaskChain, priority: 50.0 | Game Menu Chain(on=true,p=-Infinity) UserTaskChain(on=true,p=50.0) Mob Defense(on=true,p=0.0) Death Menu Respawn Handling(on=true,p=-Infinity) Hand Stack Fix Chain(on=true,p=-Infinity) MLG Water Bucket Fall Chain(on=true,p=-Infinity) Unstuck Chain
  t=412s inGame=True hp=20.0 pos=3.5,87.0,-1439.4 items=13 busy=True d:pdEnter+457,mqStart+2,mqSteps+2,dbTick+453,rayMiss+0,leafCle+0
  TASK Description of current game pipeline that is selected: Current game tasks: Current Baritone executor task list (UserTaskChain task chain) | 1. Main task: <Beating the game (Miran version).> Priority: 410.00, Crafting Recipe{minecraft:stone_pickaxe} | 1.1. Subtasks: <Doing stuff in crafting_table container: [[stone_pickaxe]]>  |  -> | 1.1.0. <Doing stuff in crafting_table container>  |  -> | 1.1.1. <Collect Recipe Resources: {Recipe{minecraft:stone_pickaxe}}> Getting cobblestone x 3 |  -> | 1.1.2. <Collect minecraft:cobblestone: [[cobblestone] x 3]>  |  -> | 1.1.3. <Mine And Collect: [[cobblestone]]>  |  -> | 1.1.4. <Mining or Collecting> Trying out NEW pursuit |  -> | 1.1.5. <Destroy block at 2, 82, -1440> Getting to block... |  -> | 1.1.6. <Getting to block class_2338{x=2, y=82, z=-1440}> Tungsten (primary) pathfinding...
  TARGET (2,82,-1440) is {'hardness': '1.50', 'replaceable': 'false', 'block': 'Í‡ÏÂÌ¸', 'position': '2, 82, -1440', 'id': 'minecraft:stone', 'is_air': 'false'}
  RUNNER active=true | Chain: UserTaskChain, priority: 50.0 | Game Menu Chain(on=true,p=-Infinity) UserTaskChain(on=true,p=50.0) Mob Defense(on=true,p=0.0) Death Menu Respawn Handling(on=true,p=-Infinity) Hand Stack Fix Chain(on=true,p=-Infinity) MLG Water Bucket Fall Chain(on=true,p=-Infinity) Unstuck Chain
  t=435s inGame=True hp=20.0 pos=2.9,87.0,-1439.5 items=13 busy=True d:pdEnter+457,mqStart+0,mqSteps+0,dbTick+455,rayMiss+0,leafCle+0
  TASK Description of current game pipeline that is selected: Current game tasks: Current Baritone executor task list (UserTaskChain task chain) | 1. Main task: <Beating the game (Miran version).> Priority: 410.00, Crafting Recipe{minecraft:stone_pickaxe} | 1.1. Subtasks: <Doing stuff in crafting_table container: [[stone_pickaxe]]>  |  -> | 1.1.0. <Doing stuff in crafting_table container>  |  -> | 1.1.1. <Collect Recipe Resources: {Recipe{minecraft:stone_pickaxe}}> Getting cobblestone x 3 |  -> | 1.1.2. <Collect minecraft:cobblestone: [[cobblestone] x 3]>  |  -> | 1.1.3. <Mine And Collect: [[cobblestone]]>  |  -> | 1.1.4. <Mining or Collecting> Trying out NEW pursuit |  -> | 1.1.5. <Destroy block at 2, 82, -1432> Getting to block... |  -> | 1.1.6. <Getting to block class_2338{x=2, y=82, z=-1432}> Tungsten (primary) pathfinding...
  TARGET (2,82,-1432) is {'hardness': '1.50', 'replaceable': 'false', 'block': 'Í‡ÏÂÌ¸', 'position': '2, 82, -1432', 'id': 'minecraft:stone', 'is_air': 'false'}
  RUNNER active=true | Chain: UserTaskChain, priority: 50.0 | Game Menu Chain(on=true,p=-Infinity) UserTaskChain(on=true,p=50.0) Mob Defense(on=true,p=0.0) Death Menu Respawn Handling(on=true,p=-Infinity) Hand Stack Fix Chain(on=true,p=-Infinity) MLG Water Bucket Fall Chain(on=true,p=-Infinity) Unstuck Chain
  t=457s inGame=True hp=20.0 pos=2.3,87.0,-1434.0 items=13 busy=True d:pdEnter+457,mqStart+0,mqSteps+0,dbTick+455,rayMiss+0,leafCle+0
  TASK Description of current game pipeline that is selected: Current game tasks: Current Baritone executor task list (UserTaskChain task chain) | 1. Main task: <Beating the game (Miran version).> Priority: 410.00, Crafting Recipe{minecraft:stone_pickaxe} | 1.1. Subtasks: <Doing stuff in crafting_table container: [[stone_pickaxe]]>  |  -> | 1.1.0. <Doing stuff in crafting_table container>  |  -> | 1.1.1. <Collect Recipe Resources: {Recipe{minecraft:stone_pickaxe}}> Getting cobblestone x 3 |  -> | 1.1.2. <Collect minecraft:cobblestone: [[cobblestone] x 3]>  |  -> | 1.1.3. <Mine And Collect: [[cobblestone]]>  |  -> | 1.1.4. <Mining or Collecting> Trying out NEW pursuit |  -> | 1.1.5. <Destroy block at 4, 82, -1428> Getting to block... |  -> | 1.1.6. <Getting to block class_2338{x=4, y=82, z=-1428}> Tungsten (primary) pathfinding...
  TARGET (4,82,-1428) is {'hardness': '1.50', 'replaceable': 'false', 'block': 'Í‡ÏÂÌ¸', 'position': '4, 82, -1428', 'id': 'minecraft:stone', 'is_air': 'false'}
  RUNNER active=true | Chain: UserTaskChain, priority: 50.0 | Game Menu Chain(on=true,p=-Infinity) UserTaskChain(on=true,p=50.0) Mob Defense(on=true,p=0.0) Death Menu Respawn Handling(on=true,p=-Infinity) Hand Stack Fix Chain(on=true,p=-Infinity) MLG Water Bucket Fall Chain(on=true,p=-Infinity) Unstuck Chain
  t=480s inGame=True hp=20.0 pos=2.9,87.0,-1427.3 items=13 busy=True d:pdEnter+458,mqStart+0,mqSteps+0,dbTick+455,rayMiss+0,leafCle+0
  TASK Description of current game pipeline that is selected: Current game tasks: Current Baritone executor task list (UserTaskChain task chain) | 1. Main task: <Beating the game (Miran version).> Priority: 410.00, Crafting Recipe{minecraft:stone_pickaxe} | 1.1. Subtasks: <Doing stuff in crafting_table container: [[stone_pickaxe]]>  |  -> | 1.1.0. <Doing stuff in crafting_table container>  |  -> | 1.1.1. <Collect Recipe Resources: {Recipe{minecraft:stone_pickaxe}}> Getting cobblestone x 3 |  -> | 1.1.2. <Collect minecraft:cobblestone: [[cobblestone] x 3]>  |  -> | 1.1.3. <Mine And Collect: [[cobblestone]]>  |  -> | 1.1.4. <Mining or Collecting> Trying out NEW pursuit |  -> | 1.1.5. <Destroy block at 3, 82, -1428> Getting to block... |  -> | 1.1.6. <Getting to block class_2338{x=3, y=82, z=-1428}> Tungsten (primary) pathfinding...
  TARGET (3,82,-1428) is {'hardness': '1.50', 'replaceable': 'false', 'block': 'Í‡ÏÂÌ¸', 'position': '3, 82, -1428', 'id': 'minecraft:stone', 'is_air': 'false'}
  RUNNER active=true | Chain: UserTaskChain, priority: 50.0 | Game Menu Chain(on=true,p=-Infinity) UserTaskChain(on=true,p=50.0) Mob Defense(on=true,p=0.0) Death Menu Respawn Handling(on=true,p=-Infinity) Hand Stack Fix Chain(on=true,p=-Infinity) MLG Water Bucket Fall Chain(on=true,p=-Infinity) Unstuck Chain
  t=503s inGame=True hp=20.0 pos=3.1,87.0,-1427.4 items=13 busy=True d:pdEnter+458,mqStart+0,mqSteps+0,dbTick+457,rayMiss+0,leafCle+0
  TASK Description of current game pipeline that is selected: Current game tasks: Current Baritone executor task list (UserTaskChain task chain) | 1. Main task: <Beating the game (Miran version).> Priority: 410.00, Crafting Recipe{minecraft:stone_pickaxe} | 1.1. Subtasks: <Doing stuff in crafting_table container: [[stone_pickaxe]]>  |  -> | 1.1.0. <Doing stuff in crafting_table container>  |  -> | 1.1.1. <Collect Recipe Resources: {Recipe{minecraft:stone_pickaxe}}> Getting cobblestone x 3 |  -> | 1.1.2. <Collect minecraft:cobblestone: [[cobblestone] x 3]>  |  -> | 1.1.3. <Mine And Collect: [[cobblestone]]>  |  -> | 1.1.4. <Mining or Collecting> Trying out NEW pursuit |  -> | 1.1.5. <Destroy block at 6, 82, -1428> Getting to block... |  -> | 1.1.6. <Getting to block class_2338{x=6, y=82, z=-1428}> Tungsten (primary) pathfinding...
  TARGET (6,82,-1428) is {'hardness': '1.50', 'replaceable': 'false', 'block': 'Í‡ÏÂÌ¸', 'position': '6, 82, -1428', 'id': 'minecraft:stone', 'is_air': 'false'}
  RUNNER active=true | Chain: UserTaskChain, priority: 50.0 | Game Menu Chain(on=true,p=-Infinity) UserTaskChain(on=true,p=50.0) Mob Defense(on=true,p=0.0) Death Menu Respawn Handling(on=true,p=-Infinity) Hand Stack Fix Chain(on=true,p=-Infinity) MLG Water Bucket Fall Chain(on=true,p=-Infinity) Unstuck Chain
  t=526s inGame=True hp=20.0 pos=6.6,87.0,-1427.8 items=17 busy=True d:pdEnter+383,mqStart+0,mqSteps+0,dbTick+458,rayMiss+0,leafCle+76
