
=========== RUN 1/40 ===========
[1] wait gamer-server rcon...
  [ok] gamer rcon
[2] connect bot to gamer-server...
  [ok] bot in game (gamer)
  [ok] world loaded (bot has a position)
[2b] reset to a known start (kill -> respawn -> empty -> heal -> day)...
  [ok] bot respawned
  fresh start #8: 892 150 -839
  start has 117 log blocks within 40
  start pos: 90.5,129.0,-32.5 (pinned)
[3] tungsten-primary (SHIPPED DEFAULT) + @gamer...
  client fps before start: 29.0
  ARM B
  PIN queueParkour=true
  PIN VERIFIED queueParkour=false
  stand down (pin queueParkour=true did not land (reads false) -- both arms would measure the same thing) ó restarting the client and retrying
[1] wait gamer-server rcon...
  [ok] gamer rcon
[2] connect bot to gamer-server...
  [ok] bot in game (gamer)
  [ok] world loaded (bot has a position)
[2b] reset to a known start (kill -> respawn -> empty -> heal -> day)...
  [ok] bot respawned
  fresh start #9: 1192 150 -839
  start has 170 log blocks within 40
  start pos: 105.5,136.0,-23.5 (pinned)
[3] tungsten-primary (SHIPPED DEFAULT) + @gamer...
  client fps before start: 28.0
  ARM B
  PIN queueParkour=true
  PIN VERIFIED queueParkour=true
  shipped pathing flags: {'tungstenMinSegment': 8, 'tungstenPrimary': True, 'experimentalPathfinding': True, 'ok': True, 'useTungsten': True}
  walker debug: {'r': "{'walkerDebug': True, 'ok': True}"}
  zero counters: {'r': "{'ok': True}"}
  start inv: {'nonEmpty': 0, 'items': 0, 'ids': []}
[4] watching 6.0 min for progress...
  TASK Description of current game pipeline that is selected: Current game tasks: Current Baritone executor task list (UserTaskChain task chain) | 1. Main task: <Beating the game (Miran version).> Priority: 400.00, Collecting resource: [[wooden_pickaxe]] | 1.1. Subtasks: <Get catalogued: {[wooden_pickaxe]}: [[wooden_pickaxe]]>  |  -> | 1.1.0. <Doing stuff in crafting_table container: [[wooden_pickaxe]]>  |  -> | 1.1.1. <Doing stuff in crafting_table container> Getting container item |  -> | 1.1.2. <Craft 2x2 Task Recipe{minecraft:crafting_table}: [[crafting_table]]> Crafting in inventory... for [crafting_table] |  -> | 1.1.3. <Crafting: Recipe{minecraft:crafting_table}> Moving item to slot... |  -> | 1.1.4. <Moving planks to PlayerSlot{inventory slot = 1, window slot = 1}> 
  RUNNER active=true | Chain: UserTaskChain, priority: 50.0 | Game Menu Chain(on=true,p=-Infinity) UserTaskChain(on=true,p=50.0) Mob Defense(on=true,p=0.0) Death Menu Respawn Handling(on=true,p=-Infinity) Hand Stack Fix Chain(on=true,p=-Infinity) MLG Water Bucket Fall Chain(on=true,p=-Infinity) Unstuck Chain
  RUNG 'wood' at 21.4s
  RUNG 'first craft' at 21.4s
  t=21s inGame=True hp=20.0 pos=123.4,136.0,-5.5 items=7 busy=True d:pdEnter+144,mqStart+3,mqSteps+18,dbTick+290,rayMiss+121,leafCle+0
  TASK Description of current game pipeline that is selected: Current game tasks: Current Baritone executor task list (UserTaskChain task chain) | 1. Main task: <Beating the game (Miran version).> Priority: 400.00, Collecting resource: [[wooden_pickaxe]] | 1.1. Subtasks: <Get catalogued: {[wooden_pickaxe]}: [[wooden_pickaxe]]>  |  -> | 1.1.0. <Doing stuff in crafting_table container: [[wooden_pickaxe]]>  |  -> | 1.1.1. <Doing stuff in crafting_table container> Walking to container... 125, 136, -3 |  -> | 1.1.2. <Crafting: Recipe{minecraft:wooden_pickaxe}> Moving item to slot... |  -> | 1.1.3. <Moving planks to CraftingTableSlot{inventory slot = 0, window slot = 1}> 
  RUNNER active=true | Chain: UserTaskChain, priority: 50.0 | Game Menu Chain(on=true,p=-Infinity) UserTaskChain(on=true,p=50.0) Mob Defense(on=true,p=0.0) Death Menu Respawn Handling(on=true,p=-Infinity) Hand Stack Fix Chain(on=true,p=-Infinity) MLG Water Bucket Fall Chain(on=true,p=-Infinity) Unstuck Chain
  RUNG 'crafting' at 43.5s
  t=44s inGame=True hp=20.0 pos=125.5,136.0,-2.3 items=11 busy=True d:pdEnter+29,mqStart+1,mqSteps+5,dbTick+177,rayMiss+13,leafCle+65
  TASK Description of current game pipeline that is selected: Current game tasks: Current Baritone executor task list (UserTaskChain task chain) | 1. Main task: <Beating the game (Miran version).> Priority: 410.00, Crafting Recipe{minecraft:stone_pickaxe} | 1.1. Subtasks: <Doing stuff in crafting_table container: [[stone_pickaxe]]>  |  -> | 1.1.0. <Doing stuff in crafting_table container>  |  -> | 1.1.1. <Collect Recipe Resources: {Recipe{minecraft:stone_pickaxe}}> Getting cobblestone x 3 |  -> | 1.1.2. <Collect minecraft:cobblestone: [[cobblestone] x 3]> Picking up |  -> | 1.1.3. <Pickup Dropped Items: [[cobblestone] x 3]>  |  -> | 1.1.4. <Approach entity entity.minecraft.item> Walking straight at it (navigation would not)
  RUNNER active=true | Chain: UserTaskChain, priority: 50.0 | Game Menu Chain(on=true,p=-Infinity) UserTaskChain(on=true,p=50.0) Mob Defense(on=true,p=0.0) Death Menu Respawn Handling(on=true,p=-Infinity) Hand Stack Fix Chain(on=true,p=-Infinity) MLG Water Bucket Fall Chain(on=true,p=-Infinity) Unstuck Chain
  RUNG 'wood tools' at 65.8s
  t=66s inGame=True hp=20.0 pos=125.6,136.0,-2.3 items=9 busy=True d:pdEnter+8,mqStart+0,mqSteps+0,dbTick+177,rayMiss+0,leafCle+69
  TASK Description of current game pipeline that is selected: Current game tasks: Current Baritone executor task list (UserTaskChain task chain) | 1. Main task: <Beating the game (Miran version).> Priority: 410.00, Crafting Recipe{minecraft:stone_pickaxe} | 1.1. Subtasks: <Doing stuff in crafting_table container: [[stone_pickaxe]]>  |  -> | 1.1.0. <Doing stuff in crafting_table container>  |  -> | 1.1.1. <Collect Recipe Resources: {Recipe{minecraft:stone_pickaxe}}> Getting cobblestone x 3 |  -> | 1.1.2. <Collect minecraft:cobblestone: [[cobblestone] x 3]> Picking up (pickaxe first!) |  -> | 1.1.3. <Pickup Dropped Items: [[cobblestone] x 3]> Collecting pickaxe first |  -> | 1.1.4. <Satisfy Mining Req: STONE>  |  -> | 1.1.5. <Doing stuff in crafting_table container: [[stone_pickaxe]]>  |  -> | 1.1.6. <Doing stuff in crafting_table container>  |  -> | 1.1.7. <Collect Recipe Resources: {Recipe{minecraft:stone_pickaxe}}> Getting cobblestone x 3 |  -> | 1.1.8. <Collect minecraft:cobblestone: [[cobblestone] x 3]> Picking up |  -> | 1.1.9. <Pickup Dropped Items: [[cobblestone] x 3]> Wandering. |  -> | 1.1.10. <Wander for 5.0 blocks> Exploring.
  RUNNER active=true | Chain: UserTaskChain, priority: 50.0 | Game Menu Chain(on=true,p=-Infinity) UserTaskChain(on=true,p=50.0) Mob Defense(on=true,p=0.0) Death Menu Respawn Handling(on=true,p=-Infinity) Hand Stack Fix Chain(on=true,p=-Infinity) MLG Water Bucket Fall Chain(on=true,p=-Infinity) Unstuck Chain
  t=88s inGame=True hp=20.0 pos=125.6,136.0,-2.3 items=9 busy=True d:pdEnter+0,mqStart+0,mqSteps+0,dbTick+0,rayMiss+0,leafCle+0
  RUNNER active=true | Chain: UserTaskChain, priority: 50.0 | Game Menu Chain(on=true,p=-Infinity) UserTaskChain(on=true,p=50.0) Mob Defense(on=true,p=0.0) Death Menu Respawn Handling(on=true,p=-Infinity) Hand Stack Fix Chain(on=true,p=-Infinity) MLG Water Bucket Fall Chain(on=true,p=-Infinity) Unstuck Chain
  t=110s inGame=True hp=20.0 pos=125.6,136.0,-2.3 items=9 busy=True d:pdEnter+0,mqStart+0,mqSteps+0,dbTick+0,rayMiss+0,leafCle+0
  RUNNER active=true | Chain: UserTaskChain, priority: 50.0 | Game Menu Chain(on=true,p=-Infinity) UserTaskChain(on=true,p=50.0) Mob Defense(on=true,p=0.0) Death Menu Respawn Handling(on=true,p=-Infinity) Hand Stack Fix Chain(on=true,p=-Infinity) MLG Water Bucket Fall Chain(on=true,p=-Infinity) Unstuck Chain
  STALLED: position unchanged for 3 polls at 125.6,136.0,-2.3
  stall evidence written to C:\repos\pet\unionclef\deploy\runner\freezes\stall_run1.txt
  t=133s inGame=True hp=20.0 pos=125.6,136.0,-2.3 items=9 busy=True d:pdEnter+0,mqStart+0,mqSteps+0,dbTick+0,rayMiss+0,leafCle+0
  RUNNER active=true | Chain: UserTaskChain, priority: 50.0 | Game Menu Chain(on=true,p=-Infinity) UserTaskChain(on=true,p=50.0) Mob Defense(on=true,p=0.0) Death Menu Respawn Handling(on=true,p=-Infinity) Hand Stack Fix Chain(on=true,p=-Infinity) MLG Water Bucket Fall Chain(on=true,p=-Infinity) Unstuck Chain
  t=156s inGame=True hp=20.0 pos=125.6,136.0,-2.3 items=9 busy=True d:pdEnter+0,mqStart+0,mqSteps+0,dbTick+0,rayMiss+0,leafCle+0
  RUNNER active=true | Chain: UserTaskChain, priority: 50.0 | Game Menu Chain(on=true,p=-Infinity) UserTaskChain(on=true,p=50.0) Mob Defense(on=true,p=0.0) Death Menu Respawn Handling(on=true,p=-Infinity) Hand Stack Fix Chain(on=true,p=-Infinity) MLG Water Bucket Fall Chain(on=true,p=-Infinity) Unstuck Chain
  t=177s inGame=True hp=20.0 pos=125.6,136.0,-2.3 items=9 busy=True d:pdEnter+0,mqStart+0,mqSteps+0,dbTick+0,rayMiss+0,leafCle+0
  TASK Description of current game pipeline that is selected: Current game tasks: Current Baritone executor task list (UserTaskChain task chain) | 1. Main task: <Beating the game (Miran version).> Priority: 410.00, Crafting Recipe{minecraft:stone_pickaxe}
  RUNNER active=true | Chain: UserTaskChain, priority: 50.0 | Game Menu Chain(on=true,p=-Infinity) UserTaskChain(on=true,p=50.0) Mob Defense(on=true,p=0.0) Death Menu Respawn Handling(on=true,p=-Infinity) Hand Stack Fix Chain(on=true,p=-Infinity) MLG Water Bucket Fall Chain(on=true,p=-Infinity) Unstuck Chain
  t=199s inGame=True hp=20.0 pos=125.6,136.0,-2.3 items=9 busy=True d:pdEnter+0,mqStart+0,mqSteps+0,dbTick+0,rayMiss+0,leafCle+0
  TASK Description of current game pipeline that is selected: Current game tasks: Current Baritone executor task list (UserTaskChain task chain) | 1. Main task: <Beating the game (Miran version).> Priority: 410.00, Crafting Recipe{minecraft:stone_pickaxe} | 1.1. Subtasks: <Doing stuff in crafting_table container: [[stone_pickaxe]]>  |  -> | 1.1.0. <Doing stuff in crafting_table container>  |  -> | 1.1.1. <Collect Recipe Resources: {Recipe{minecraft:stone_pickaxe}}> Getting cobblestone x 3 |  -> | 1.1.2. <Collect minecraft:cobblestone: [[cobblestone] x 3]> Picking up (pickaxe first!) |  -> | 1.1.3. <Pickup Dropped Items: [[cobblestone] x 3]> Collecting pickaxe first |  -> | 1.1.4. <Satisfy Mining Req: STONE>  |  -> | 1.1.5. <Doing stuff in crafting_table container: [[stone_pickaxe]]>  |  -> | 1.1.6. <Doing stuff in crafting_table container>  |  -> | 1.1.7. <Collect Recipe Resources: {Recipe{minecraft:stone_pickaxe}}> Getting cobblestone x 3 |  -> | 1.1.8. <Collect minecraft:cobblestone: [[cobblestone] x 3]> Picking up |  -> | 1.1.9. <Pickup Dropped Items: [[cobblestone] x 3]> Wandering. |  -> | 1.1.10. <Wander for 5.0 blocks> Exploring.
  RUNNER active=true | Chain: UserTaskChain, priority: 50.0 | Game Menu Chain(on=true,p=-Infinity) UserTaskChain(on=true,p=50.0) Mob Defense(on=true,p=0.0) Death Menu Respawn Handling(on=true,p=-Infinity) Hand Stack Fix Chain(on=true,p=-Infinity) MLG Water Bucket Fall Chain(on=true,p=-Infinity) Unstuck Chain
  LADDER STALLED: no new rung for 150s (last: wood tools)
  stall evidence written to C:\repos\pet\unionclef\deploy\runner\freezes\stall_run1_ladder.txt
  t=223s inGame=True hp=20.0 pos=125.6,136.0,-2.3 items=9 busy=True d:pdEnter+0,mqStart+0,mqSteps+0,dbTick+0,rayMiss+0,leafCle+0
  RUNNER active=true | Chain: UserTaskChain, priority: 50.0 | Game Menu Chain(on=true,p=-Infinity) UserTaskChain(on=true,p=50.0) Mob Defense(on=true,p=0.0) Death Menu Respawn Handling(on=true,p=-Infinity) Hand Stack Fix Chain(on=true,p=-Infinity) MLG Water Bucket Fall Chain(on=true,p=-Infinity) Unstuck Chain
  t=245s inGame=True hp=20.0 pos=125.6,136.0,-2.3 items=9 busy=True d:pdEnter+0,mqStart+0,mqSteps+0,dbTick+0,rayMiss+0,leafCle+0
  RUNNER active=true | Chain: UserTaskChain, priority: 50.0 | Game Menu Chain(on=true,p=-Infinity) UserTaskChain(on=true,p=50.0) Mob Defense(on=true,p=0.0) Death Menu Respawn Handling(on=true,p=-Infinity) Hand Stack Fix Chain(on=true,p=-Infinity) MLG Water Bucket Fall Chain(on=true,p=-Infinity) Unstuck Chain
  t=267s inGame=True hp=20.0 pos=125.6,136.0,-2.3 items=9 busy=True d:pdEnter+0,mqStart+0,mqSteps+0,dbTick+0,rayMiss+0,leafCle+0
  RUNNER active=true | Chain: UserTaskChain, priority: 50.0 | Game Menu Chain(on=true,p=-Infinity) UserTaskChain(on=true,p=50.0) Mob Defense(on=true,p=0.0) Death Menu Respawn Handling(on=true,p=-Infinity) Hand Stack Fix Chain(on=true,p=-Infinity) MLG Water Bucket Fall Chain(on=true,p=-Infinity) Unstuck Chain
  t=289s inGame=True hp=20.0 pos=125.6,136.0,-2.3 items=9 busy=True d:pdEnter+0,mqStart+0,mqSteps+0,dbTick+0,rayMiss+0,leafCle+0
  RUNNER active=true | Chain: UserTaskChain, priority: 50.0 | Game Menu Chain(on=true,p=-Infinity) UserTaskChain(on=true,p=50.0) Mob Defense(on=true,p=0.0) Death Menu Respawn Handling(on=true,p=-Infinity) Hand Stack Fix Chain(on=true,p=-Infinity) MLG Water Bucket Fall Chain(on=true,p=-Infinity) Unstuck Chain
  t=311s inGame=True hp=20.0 pos=125.6,136.0,-2.3 items=9 busy=True d:pdEnter+0,mqStart+0,mqSteps+0,dbTick+0,rayMiss+0,leafCle+0
  RUNNER active=true | Chain: UserTaskChain, priority: 50.0 | Game Menu Chain(on=true,p=-Infinity) UserTaskChain(on=true,p=50.0) Mob Defense(on=true,p=0.0) Death Menu Respawn Handling(on=true,p=-Infinity) Hand Stack Fix Chain(on=true,p=-Infinity) MLG Water Bucket Fall Chain(on=true,p=-Infinity) Unstuck Chain
  t=333s inGame=True hp=20.0 pos=125.6,136.0,-2.3 items=9 busy=True d:pdEnter+0,mqStart+0,mqSteps+0,dbTick+0,rayMiss+0,leafCle+0
  TASK Description of current game pipeline that is selected: Current game tasks: Current Baritone executor task list (UserTaskChain task chain) | 1. Main task: <Beating the game (Miran version).> Priority: 410.00, Crafting Recipe{minecraft:stone_pickaxe} | 1.1. Subtasks: <Doing stuff in crafting_table container: [[stone_pickaxe]]>  |  -> | 1.1.0. <Doing stuff in crafting_table container>  |  -> | 1.1.1. <Collect Recipe Resources: {Recipe{minecraft:stone_pickaxe}}> Getting cobblestone x 3 |  -> | 1.1.2. <Collect minecraft:cobblestone: [[cobblestone] x 3]> Picking up (pickaxe first!) |  -> | 1.1.3. <Mine And Collect: [[cobblestone]]>  |  -> | 1.1.4. <Mining or Collecting>  |  -> | 1.1.5. <Destroy block at 127, 134, -4> 
  TARGET (127,134,-4) is {'hardness': '1.50', 'replaceable': 'false', 'block': 'Í‡ÏÂÌ¸', 'position': '127, 134, -4', 'id': 'minecraft:stone', 'is_air': 'false'}
  RUNNER active=true | Chain: UserTaskChain, priority: 50.0 | Game Menu Chain(on=true,p=-Infinity) UserTaskChain(on=true,p=50.0) Mob Defense(on=true,p=0.0) Death Menu Respawn Handling(on=true,p=-Infinity) Hand Stack Fix Chain(on=true,p=-Infinity) MLG Water Bucket Fall Chain(on=true,p=-Infinity) Unstuck Chain
  t=356s inGame=True hp=20.0 pos=125.6,136.0,-2.3 items=9 busy=True d:pdEnter+0,mqStart+0,mqSteps+0,dbTick+33,rayMiss+0,leafCle+33
  TASK Description of current game pipeline that is selected: Current game tasks: Current Baritone executor task list (UserTaskChain task chain) | 1. Main task: <Beating the game (Miran version).> Priority: 410.00, Crafting Recipe{minecraft:stone_pickaxe} | 1.1. Subtasks: <Doing stuff in crafting_table container: [[stone_pickaxe]]>  |  -> | 1.1.0. <Doing stuff in crafting_table container>  |  -> | 1.1.1. <Collect Recipe Resources: {Recipe{minecraft:stone_pickaxe}}> Getting cobblestone x 3 |  -> | 1.1.2. <Collect minecraft:cobblestone: [[cobblestone] x 3]> Picking up (pickaxe first!) |  -> | 1.1.3. <Mine And Collect: [[cobblestone]]>  |  -> | 1.1.4. <Mining or Collecting>  |  -> | 1.1.5. <Destroy block at 126, 133, -4> Getting to block... |  -> | 1.1.6. <Getting to block class_2338{x=126, y=133, z=-4}> Tungsten (primary) pathfinding...
  TARGET (126,133,-4) is {'hardness': '1.50', 'replaceable': 'false', 'block': 'Í‡ÏÂÌ¸', 'position': '126, 133, -4', 'id': 'minecraft:stone', 'is_air': 'false'}
  RUNNER active=true | Chain: UserTaskChain, priority: 50.0 | Game Menu Chain(on=true,p=-Infinity) UserTaskChain(on=true,p=50.0) Mob Defense(on=true,p=0.0) Death Menu Respawn Handling(on=true,p=-Infinity) Hand Stack Fix Chain(on=true,p=-Infinity) MLG Water Bucket Fall Chain(on=true,p=-Infinity) Unstuck Chain
  t=378s inGame=True hp=20.0 pos=125.6,136.0,-2.3 items=9 busy=True d:pdEnter+439,mqStart+0,mqSteps+0,dbTick+446,rayMiss+0,leafCle+9
  deaths this run: 0 (bench /kill excluded: 0)
  end inv: {'nonEmpty': 5, 'items': 9, 'ids': ['minecraft:crafting_table', 'minecraft:dirt', 'minecraft:wooden_pickaxe', 'minecraft:dark_oak_planks', 'minecraft:stick']}
  queue stats: called=243 deferred=0 inRange=243 clicked=0 noSup=0/0/0 | mqStarted=4 mqSteps=23 mqBack=1 mqTimeout=0 mqTicks=326 step=0/0 pdEnter=638 pdNotPrim=0 pdPillar=0 pdBridge=0 pdStuck=0 pdWalking=0 pdNear=483 pdNoGoal=0 pdFinished=8 pdNoVec=0 pdStallWalk=0 pdStallReset=4 pdNearBusy=478 pdNearFind=5 pdPlan=483/2 pdLegacy=0 exArrived=0 exRanOut=20 exSprint=9/9 unknownGoal=- dbTick=1141 dbUnreachMove=2 dbUnreachWater=0 dbUnreachPillager=0 dbNear=2 dbFar=0 dbDistSum=6 dbNearTick=908 noReach=635 air=20 hungry=0 unsafe=0 blockedBy=minecraft:grass_block dbTargetAir=4 rayLeaves=5 rayOther=887 rayMiss=134 leafCleared=176 dbBlocked=215/0/244 dbApproachStall=0 dbBestDist=2 dbTargets=18/12 dbReachGoal=0 cgTick=0 cgBig=0 cgInv=0 cgNoScreen=0 cgSent=0 cgOutReady=0 cgLastSent=- cgCraftable=0 cgNotCraftable=0 cgBookOk=0 cgBookNone=0 cgSmall=0 cgScreen=- ciTick=318 ciCollect=240 ciReceive=25 ciGrid=0 mdCalls=7588 mdWon=0 mdFlee=0 mdFight=0 mdRet=0/0/0/0/0/0/0/0/0/0 vgCalls=0 vgEdge=0 vgFall=0/0/0/0 rimBack=0 kbThrow=0/0/0/0 kbImp=0/0/0 shIssued=970 shDropped=186 shBlack=0 shThrown=1 gmDisc=0 gmRecSet=0 gmGuard=0 gmConn=0 shLastBlackSlot=-1 slotYeet=0 mqLost=0 mqStatusFail=1 mqRefused=0(short=0 vetoed=0) mqNoClass=2 mqParkour=2 mqAdmitMismatch=0 qPrep=0/322 blindPrep=0 mqNull=0 gaveUp=0/0 dc=1820/9/1/0/0 mc=84/0/0/1/0 mcFlight=70 mcSwitch=8 toolSwap=0 recipesKnown=917 wander=5579 wanderMoved=224 wanderChk=5579/0 wanderFail=0 lavaEsc=0 lavaCond=0/7588 surv=7588/7588 tbl=80/80@1 bs=72/72/157/157@4343ms navUnsafeAir=0 sm=0/0 smWater=0 srch=18/18/0 fallRetry=0/0 drop=8681/220/119 scan=16817/211/18/0/0/0 navStop=0/0/0 fleeSpot=0/0 lock=2/0/0@minecraft:cobblestone:3.1>3.5,m0.0,h3.3,dy-1.0|<Approach_entity_entity.minecraft.item>_Tung;minecraft:cobblestone:3.5>3.5,m0.0,h3.3,dy-1.0|<Approach_entity_entity.minecraft.item>_Tung cb=0/0/38/0 avoidSrc=0/0/3/10@pos@DoCraftInTableTask.onTick:312/pos@DoCraftInTableTask.onTick:312 et=19424/19424 sprint=103/322 lowHp=0/0 standOff=0 hurt=0/0/0 hurtWin=0/0 diseng=0/0 ctl=0 cq=0/0/0 los=0/0/0/0 kaTung=0/0/0/0 dte=0/0/0/0/0/0 mdTung=0/0 mdFleeStuck=0 mdFleeShooter=0 mdFar=0/0 arrows=0/0.00/0.00 draws=0/0/0/0.00 band=0/-1 dodgeYield=0 latch=0/0 breakFail=0/0/0/0/0 stranded=0/primary/200@141/primary/200 gp=7541/0/0/0/47 dodgeTask=0/0.00 dealt=0.0/0.0/7604 hitSize=0/0/0/0 takeSize=0/0/0/0 slotSync=0/0 critReset=0 stray=0/0 heldSwing=0 loseKite=0 holdBow=0 punkKept=0 swingHits=0 dodgeDrive=0 hop=0/0/0/0/0/0/0 mdPillarD=0 dmgTaken=0.0 dw=0/0.0/0.00/0.00/0/0 dwNoBlame=0 dmgWhy=0/0/0/0/0@0.0 strafe=0/0 voidEntries=0 voidTicks=0 lastFall=[] hits=0/0/0/0 hitRange=0.00/0.00 mdBow=0 bowShots=0 bowWild=0 bowNoSol=0 bowRestart=0 bowAimTO=0 bowDrawTO=0 bowBestMiss=-1.00 bowFacing=0 bowNoRoom=0 flee=0/0/0/0/0/0 qBurn=0 qTp=0 qNoMove=1 stuck=[on:grass_block in:air head:air go:ES= sneak:n fwd:Y spr:n Diagonal/RUNNING/idx5of8] staleRoot=0 | mvRequested=0 mvCooldown=0 mvNoHit=0 mvClicked=0 mvSteered=155 | gateThrough=1 gateHeld=160 queued=0 queuePlaced=0 entityReleased=2/0 idrop=12998/0/0/12998 rt=28926/1238/12196 entityCloseWalk=240/0/0/238/240/2/0
  recent chat: ['ß2ßlßo[Alto Clef] ßrBlacklist: class_2338{x=126, y=133, z=-4}: Try 2 / 4', 'ß2ßlßo[Alto Clef] ßrRTGATE targets=[[cobblestone]] avoid=true dropped=false', 'ß2ßlßo[Tungsten] ßrBridge place aborted (TIMEOUT) dist=1.14 ticks=202 target=125, 136, -3', 'ß2ßlßo[Tungsten] ßrBridge place aborted (TIMEOUT) dist=1.14 ticks=202 target=125, 136, -3', 'ß2ßlßo[Tungsten] ßrTime taken to execute: 0 minutes, 10 seconds, 113 milliseconds', 'ß2ßlßo[Tungsten] ßrTime taken to execute: 0 minutes, 10 seconds, 113 milliseconds', 'ß2ßlßo[Tungsten] ßrPath needs bridging: 1 block(s) at segment end', 'ß2ßlßo[Tungsten] ßrPath needs bridging: 1 block(s) at segment end', 'ß2ßlßo[Tungsten] ßrAt the gap ó bridging without a physics leg', 'ß2ßlßo[Tungsten] ßrAt the gap ó bridging without a physics leg']

=== RESULTS ===
  responsive polls: 17, busy polls: 17, distinct positions: 3, items gained: 11
  ladder: wood@21.4s, first craft@21.4s, crafting@43.5s, wood tools@65.8s
  client fps (median): 27.0 over 17 samples
  PHASES total=548s rcon=1s(0%) connect=22s(4%) reset=11s(2%) start=96s(18%) rcon=1s(0%) connect=22s(4%) reset=11s(2%) start=5s(1%) watch=380s(69%)
  GAMER_SMOKE: PASS

=========== RUN 2/40 ===========
[1] wait gamer-server rcon...
  [ok] gamer rcon
[2] connect bot to gamer-server...
  [ok] bot in game (gamer)
  [ok] world loaded (bot has a position)
[2b] reset to a known start (kill -> respawn -> empty -> heal -> day)...
  [ok] bot respawned
  fresh start #10: 1192 150 -539
  start has 72 log blocks within 40
  start pos: 1192.5,60.0,-538.5 (pinned)
[3] tungsten-primary (SHIPPED DEFAULT) + @gamer...
  client fps before start: 21.0
  ARM A
  PIN queueParkour=false
  PIN VERIFIED queueParkour=false
  shipped pathing flags: {'tungstenMinSegment': 8, 'tungstenPrimary': True, 'experimentalPathfinding': True, 'ok': True, 'useTungsten': True}
  walker debug: {'r': "{'walkerDebug': True, 'ok': True}"}
  zero counters: {'r': "{'ok': True}"}
  start inv: {'nonEmpty': 0, 'items': 0, 'ids': []}
[4] watching 6.0 min for progress...
  TASK version).> Priority: 400.00, Collecting resource: [[wooden_pickaxe]] | 1.1. Subtasks: <Get catalogued: {[wooden_pickaxe]}: [[wooden_pickaxe]]>  |  -> | 1.1.0. <Doing stuff in crafting_table container: [[wooden_pickaxe]]>  |  -> | 1.1.1. <Doing stuff in crafting_table container>  |  -> | 1.1.2. <Collect Recipe Resources: {Recipe{minecraft:wooden_pickaxe}}> Getting stick x 2 |  -> | 1.1.3. <Crafting 2 sticks: [[stick] x 2]>  |  -> | 1.1.4. <Craft 2x2 Task Recipe{minecraft:stick x 2}: [[stick] x 2]> Collecting materials |  -> | 1.1.5. <Collect Recipe Resources: {Recipe{minecraft:stick x 2}}> Getting planks x 2 |  -> | 1.1.6. <Crafting 2 planks [minecraft:acacia_planks, minecraft:birch_planks, minecraft:crimson_planks, minecraft:dark_oak_planks, minecraft:oak_planks, minecraft:jungle_planks, minecraft:spruce_planks, m... |  -> | 1.1.7. <Mine And Collect: [[acacia_log,birch_log,dark_oak_log,oak_log,jungle_log,spruce_log,acacia_wood,birch_wood,dark_oak_wood,oak_wood,jungle_wood,spruce_wood,stripped_acacia_log,stripped_birch_log,s... |  -> | 1.1.8. <Mining or Collecting> Trying out NEW pursuit |  -> | 1.1.9. <Pickup Dropped Items: [[acacia_log,birch_log,dark_oak_log,oak_log,jungle_log,spruce_log,acacia_wood,birch_wood,dark_oak_wood,oak_wood,jungle_wood,spruce_wood,stripped_acacia_log,stripped_birch_l... |  -> | 1.1.10. <Approach entity entity.minecraft.item> Tungsten locked (27s left)
  RUNNER active=true | Chain: UserTaskChain, priority: 50.0 | Game Menu Chain(on=true,p=-Infinity) UserTaskChain(on=true,p=50.0) Mob Defense(on=true,p=0.0) Death Menu Respawn Handling(on=true,p=-Infinity) Hand Stack Fix Chain(on=true,p=-Infinity) MLG Water Bucket Fall Chain(on=true,p=-Infinity) Unstuck Chain
  t=22s inGame=True hp=20.0 pos=1193.5,62.0,-555.4 items=0 busy=True d:pdEnter+202,mqStart+3,mqSteps+20,dbTick+293,rayMiss+200,leafCle+0
  TASK  task: <Beating the game (Miran version).> Priority: 400.00, Collecting resource: [[wooden_pickaxe]] | 1.1. Subtasks: <Get catalogued: {[wooden_pickaxe]}: [[wooden_pickaxe]]>  |  -> | 1.1.0. <Doing stuff in crafting_table container: [[wooden_pickaxe]]>  |  -> | 1.1.1. <Doing stuff in crafting_table container>  |  -> | 1.1.2. <Collect Recipe Resources: {Recipe{minecraft:wooden_pickaxe}}> Getting stick x 2 |  -> | 1.1.3. <Crafting 2 sticks: [[stick] x 2]>  |  -> | 1.1.4. <Craft 2x2 Task Recipe{minecraft:stick x 2}: [[stick] x 2]> Collecting materials |  -> | 1.1.5. <Collect Recipe Resources: {Recipe{minecraft:stick x 2}}> Getting planks x 2 |  -> | 1.1.6. <Crafting 2 planks [minecraft:acacia_planks, minecraft:birch_planks, minecraft:crimson_planks, minecraft:dark_oak_planks, minecraft:oak_planks, minecraft:jungle_planks, minecraft:spruce_planks, m... |  -> | 1.1.7. <Mine And Collect: [[acacia_log,birch_log,dark_oak_log,oak_log,jungle_log,spruce_log,acacia_wood,birch_wood,dark_oak_wood,oak_wood,jungle_wood,spruce_wood,stripped_acacia_log,stripped_birch_log,s... |  -> | 1.1.8. <Mining or Collecting> Trying out NEW pursuit |  -> | 1.1.9. <Pickup Dropped Items: [[acacia_log,birch_log,dark_oak_log,oak_log,jungle_log,spruce_log,acacia_wood,birch_wood,dark_oak_wood,oak_wood,jungle_wood,spruce_wood,stripped_acacia_log,stripped_birch_l... |  -> | 1.1.10. <Wander for 5.0 blocks> Exploring.
  RUNNER active=true | Chain: UserTaskChain, priority: 50.0 | Game Menu Chain(on=true,p=-Infinity) UserTaskChain(on=true,p=50.0) Mob Defense(on=true,p=0.0) Death Menu Respawn Handling(on=true,p=-Infinity) Hand Stack Fix Chain(on=true,p=-Infinity) MLG Water Bucket Fall Chain(on=true,p=-Infinity) Unstuck Chain
  t=44s inGame=True hp=20.0 pos=1192.8,62.0,-555.7 items=0 busy=True d:pdEnter+0,mqStart+0,mqSteps+0,dbTick+0,rayMiss+0,leafCle+0
  RUNNER active=true | Chain: UserTaskChain, priority: 50.0 | Game Menu Chain(on=true,p=-Infinity) UserTaskChain(on=true,p=50.0) Mob Defense(on=true,p=0.0) Death Menu Respawn Handling(on=true,p=-Infinity) Hand Stack Fix Chain(on=true,p=-Infinity) MLG Water Bucket Fall Chain(on=true,p=-Infinity) Unstuck Chain
  t=66s inGame=True hp=20.0 pos=1192.7,62.0,-555.7 items=0 busy=True d:pdEnter+0,mqStart+0,mqSteps+0,dbTick+0,rayMiss+0,leafCle+0
  RUNNER active=true | Chain: UserTaskChain, priority: 50.0 | Game Menu Chain(on=true,p=-Infinity) UserTaskChain(on=true,p=50.0) Mob Defense(on=true,p=0.0) Death Menu Respawn Handling(on=true,p=-Infinity) Hand Stack Fix Chain(on=true,p=-Infinity) MLG Water Bucket Fall Chain(on=true,p=-Infinity) Unstuck Chain
  t=88s inGame=True hp=20.0 pos=1192.6,62.2,-555.7 items=0 busy=True d:pdEnter+0,mqStart+0,mqSteps+0,dbTick+0,rayMiss+0,leafCle+0
  RUNNER active=true | Chain: UserTaskChain, priority: 50.0 | Game Menu Chain(on=true,p=-Infinity) UserTaskChain(on=true,p=50.0) Mob Defense(on=true,p=0.0) Death Menu Respawn Handling(on=true,p=-Infinity) Hand Stack Fix Chain(on=true,p=-Infinity) MLG Water Bucket Fall Chain(on=true,p=-Infinity) Unstuck Chain
  t=110s inGame=True hp=20.0 pos=1192.6,62.0,-555.7 items=0 busy=True d:pdEnter+0,mqStart+0,mqSteps+0,dbTick+0,rayMiss+0,leafCle+0
  RUNNER active=true | Chain: UserTaskChain, priority: 50.0 | Game Menu Chain(on=true,p=-Infinity) UserTaskChain(on=true,p=50.0) Mob Defense(on=true,p=0.0) Death Menu Respawn Handling(on=true,p=-Infinity) Hand Stack Fix Chain(on=true,p=-Infinity) MLG Water Bucket Fall Chain(on=true,p=-Infinity) Unstuck Chain
  t=132s inGame=True hp=20.0 pos=1192.6,62.0,-555.7 items=0 busy=True d:pdEnter+0,mqStart+0,mqSteps+0,dbTick+0,rayMiss+0,leafCle+0
  RUNNER active=true | Chain: UserTaskChain, priority: 50.0 | Game Menu Chain(on=true,p=-Infinity) UserTaskChain(on=true,p=50.0) Mob Defense(on=true,p=0.0) Death Menu Respawn Handling(on=true,p=-Infinity) Hand Stack Fix Chain(on=true,p=-Infinity) MLG Water Bucket Fall Chain(on=true,p=-Infinity) Unstuck Chain
  LADDER STALLED: no new rung for 150s (last: -)
  stall evidence written to C:\repos\pet\unionclef\deploy\runner\freezes\stall_run2_ladder.txt
  t=156s inGame=True hp=20.0 pos=1192.6,62.0,-555.7 items=0 busy=True d:pdEnter+0,mqStart+0,mqSteps+0,dbTick+0,rayMiss+0,leafCle+0
  RUNNER active=true | Chain: UserTaskChain, priority: 50.0 | Game Menu Chain(on=true,p=-Infinity) UserTaskChain(on=true,p=50.0) Mob Defense(on=true,p=0.0) Death Menu Respawn Handling(on=true,p=-Infinity) Hand Stack Fix Chain(on=true,p=-Infinity) MLG Water Bucket Fall Chain(on=true,p=-Infinity) Unstuck Chain
  STALLED: position unchanged for 3 polls at 1192.6,62.0,-555.7
  stall evidence written to C:\repos\pet\unionclef\deploy\runner\freezes\stall_run2.txt
  t=180s inGame=True hp=20.0 pos=1192.6,62.0,-555.7 items=0 busy=True d:pdEnter+0,mqStart+0,mqSteps+0,dbTick+0,rayMiss+0,leafCle+0
  RUNNER active=true | Chain: UserTaskChain, priority: 50.0 | Game Menu Chain(on=true,p=-Infinity) UserTaskChain(on=true,p=50.0) Mob Defense(on=true,p=0.0) Death Menu Respawn Handling(on=true,p=-Infinity) Hand Stack Fix Chain(on=true,p=-Infinity) MLG Water Bucket Fall Chain(on=true,p=-Infinity) Unstuck Chain
  t=201s inGame=True hp=20.0 pos=1193.2,62.0,-555.7 items=0 busy=True d:pdEnter+0,mqStart+0,mqSteps+0,dbTick+0,rayMiss+0,leafCle+0
  RUNNER active=true | Chain: UserTaskChain, priority: 50.0 | Game Menu Chain(on=true,p=-Infinity) UserTaskChain(on=true,p=50.0) Mob Defense(on=true,p=0.0) Death Menu Respawn Handling(on=true,p=-Infinity) Hand Stack Fix Chain(on=true,p=-Infinity) MLG Water Bucket Fall Chain(on=true,p=-Infinity) Unstuck Chain
  t=224s inGame=True hp=20.0 pos=1193.5,62.0,-555.7 items=0 busy=True d:pdEnter+0,mqStart+0,mqSteps+0,dbTick+0,rayMiss+0,leafCle+0
  TASK Description of current game pipeline that is selected: Current game tasks: Current Baritone executor task list (UserTaskChain task chain) | 1. Main task: <Beating the game (Miran version).> Priority: 400.00, Collecting resource: [[wooden_pickaxe]] | 1.1. Subtasks: <Get catalogued: {[wooden_pickaxe]}: [[wooden_pickaxe]]>  |  -> | 1.1.0. <Doing stuff in crafting_table container: [[wooden_pickaxe]]>  |  -> | 1.1.1. <Doing stuff in crafting_table container>  |  -> | 1.1.2. <Collect Recipe Resources: {Recipe{minecraft:wooden_pickaxe}}> Getting planks x 3 |  -> | 1.1.3. <Crafting 3 planks [minecraft:acacia_planks, minecraft:birch_planks, minecraft:crimson_planks, minecraft:dark_oak_planks, minecraft:oak_planks, minecraft:jungle_planks, minecraft:spruce_planks, m... |  -> | 1.1.4. <Mine And Collect: [[acacia_log,birch_log,dark_oak_log,oak_log,jungle_log,spruce_log,acacia_wood,birch_wood,dark_oak_wood,oak_wood,jungle_wood,spruce_wood,stripped_acacia_log,stripped_birch_log,s... |  -> | 1.1.5. <Mining or Collecting> Trying out NEW pursuit |  -> | 1.1.6. <Destroy block at 1194, 63, -568> Block in range, mining...
  TARGET (1194,63,-568) is {'hardness': '2.00', 'replaceable': 'false', 'block': 'ÂÎÓ‚ÓÂ ·Â‚ÌÓ', 'position': '1194, 63, -568', 'id': 'minecraft:spruce_log', 'is_air': 'false'}
  RUNNER active=true | Chain: UserTaskChain, priority: 50.0 | Game Menu Chain(on=true,p=-Infinity) UserTaskChain(on=true,p=50.0) Mob Defense(on=true,p=0.0) Death Menu Respawn Handling(on=true,p=-Infinity) Hand Stack Fix Chain(on=true,p=-Infinity) MLG Water Bucket Fall Chain(on=true,p=-Infinity) Unstuck Chain
  RUNG 'first craft' at 246.2s
  t=246s inGame=True hp=20.0 pos=1192.2,64.1,-565.4 items=2 busy=True d:pdEnter+5,mqStart+0,mqSteps+0,dbTick+39,rayMiss+0,leafCle+0
  TASK Description of current game pipeline that is selected: Current game tasks: Current Baritone executor task list (UserTaskChain task chain) | 1. Main task: <Beating the game (Miran version).> Priority: 400.00, Collecting resource: [[wooden_pickaxe]] | 1.1. Subtasks: <Get catalogued: {[wooden_pickaxe]}: [[wooden_pickaxe]]>  |  -> | 1.1.0. <Doing stuff in crafting_table container: [[wooden_pickaxe]]>  |  -> | 1.1.1. <Doing stuff in crafting_table container> Placing container |  -> | 1.1.2. <Place [Block{minecraft:crafting_table}] nearby> Trying to place at class_2338{x=1193, y=63, z=-572} |  -> | 1.1.3. <Place structure{Block{minecraft:crafting_table}} at 1193, 63, -572> Wandering. |  -> | 1.1.4. <Wander for 5.0 blocks> Exploring.
  RUNNER active=true | Chain: UserTaskChain, priority: 50.0 | Game Menu Chain(on=true,p=-Infinity) UserTaskChain(on=true,p=50.0) Mob Defense(on=true,p=0.0) Death Menu Respawn Handling(on=true,p=-Infinity) Hand Stack Fix Chain(on=true,p=-Infinity) MLG Water Bucket Fall Chain(on=true,p=-Infinity) Unstuck Chain
  RUNG 'crafting' at 268.2s
  t=268s inGame=True hp=20.0 pos=1193.3,63.0,-571.7 items=11 busy=True d:pdEnter+0,mqStart+0,mqSteps+0,dbTick+114,rayMiss+0,leafCle+0
  TASK Description of current game pipeline that is selected: Current game tasks: Current Baritone executor task list (UserTaskChain task chain) | 1. Main task: <Beating the game (Miran version).> Priority: 410.00, Crafting Recipe{minecraft:stone_pickaxe} | 1.1. Subtasks: <Doing stuff in crafting_table container: [[stone_pickaxe]]>  |  -> | 1.1.0. <Doing stuff in crafting_table container>  |  -> | 1.1.1. <Collect Recipe Resources: {Recipe{minecraft:stone_pickaxe}}> Getting cobblestone x 3 |  -> | 1.1.2. <Collect minecraft:cobblestone: [[cobblestone] x 3]>  |  -> | 1.1.3. <Mine And Collect: [[cobblestone]]>  |  -> | 1.1.4. <Mining or Collecting> Retrying old heuristic! |  -> | 1.1.5. <Destroy block at 1194, 58, -574> Getting to block... |  -> | 1.1.6. <Getting to block class_2338{x=1194, y=58, z=-574}> Tungsten (primary) pathfinding...
  TARGET (1194,58,-574) is {'hardness': '1.50', 'replaceable': 'false', 'block': 'Í‡ÏÂÌ¸', 'position': '1194, 58, -574', 'id': 'minecraft:stone', 'is_air': 'false'}
  RUNNER active=true | Chain: UserTaskChain, priority: 50.0 | Game Menu Chain(on=true,p=-Infinity) UserTaskChain(on=true,p=50.0) Mob Defense(on=true,p=0.0) Death Menu Respawn Handling(on=true,p=-Infinity) Hand Stack Fix Chain(on=true,p=-Infinity) MLG Water Bucket Fall Chain(on=true,p=-Infinity) Unstuck Chain
  RUNG 'wood tools' at 290.5s
  t=291s inGame=True hp=20.0 pos=1194.1,63.0,-573.5 items=7 busy=True d:pdEnter+187,mqStart+0,mqSteps+0,dbTick+269,rayMiss+0,leafCle+0
  TASK Description of current game pipeline that is selected: Current game tasks: Current Baritone executor task list (UserTaskChain task chain) | 1. Main task: <Beating the game (Miran version).> Priority: 410.00, Crafting Recipe{minecraft:stone_pickaxe} | 1.1. Subtasks: <Doing stuff in crafting_table container: [[stone_pickaxe]]>  |  -> | 1.1.0. <Doing stuff in crafting_table container>  |  -> | 1.1.1. <Collect Recipe Resources: {Recipe{minecraft:stone_pickaxe}}> Getting cobblestone x 3 |  -> | 1.1.2. <Collect minecraft:cobblestone: [[cobblestone] x 3]>  |  -> | 1.1.3. <Mine And Collect: [[cobblestone]]>  |  -> | 1.1.4. <Mining or Collecting> Trying out NEW pursuit |  -> | 1.1.5. <Destroy block at 1195, 58, -576> Getting to block... |  -> | 1.1.6. <Getting to block class_2338{x=1195, y=58, z=-576}> Tungsten (primary) pathfinding...
  TARGET (1195,58,-576) is {'hardness': '1.50', 'replaceable': 'false', 'block': 'Í‡ÏÂÌ¸', 'position': '1195, 58, -576', 'id': 'minecraft:stone', 'is_air': 'false'}
  RUNNER active=true | Chain: UserTaskChain, priority: 50.0 | Game Menu Chain(on=true,p=-Infinity) UserTaskChain(on=true,p=50.0) Mob Defense(on=true,p=0.0) Death Menu Respawn Handling(on=true,p=-Infinity) Hand Stack Fix Chain(on=true,p=-Infinity) MLG Water Bucket Fall Chain(on=true,p=-Infinity) Unstuck Chain
  t=313s inGame=True hp=20.0 pos=1195.3,63.0,-575.5 items=7 busy=True d:pdEnter+425,mqStart+0,mqSteps+0,dbTick+443,rayMiss+0,leafCle+0
  TASK Description of current game pipeline that is selected: Current game tasks: Current Baritone executor task list (UserTaskChain task chain) | 1. Main task: <Beating the game (Miran version).> Priority: 410.00, Crafting Recipe{minecraft:stone_pickaxe} | 1.1. Subtasks: <Doing stuff in crafting_table container: [[stone_pickaxe]]>  |  -> | 1.1.0. <Doing stuff in crafting_table container>  |  -> | 1.1.1. <Collect Recipe Resources: {Recipe{minecraft:stone_pickaxe}}> Getting cobblestone x 3 |  -> | 1.1.2. <Collect minecraft:cobblestone: [[cobblestone] x 3]>  |  -> | 1.1.3. <Mine And Collect: [[cobblestone]]>  |  -> | 1.1.4. <Mining or Collecting> Retrying old heuristic! |  -> | 1.1.5. <Destroy block at 1195, 58, -575> Getting to block... |  -> | 1.1.6. <Getting to block class_2338{x=1195, y=58, z=-575}> Tungsten (primary) pathfinding...
  TARGET (1195,58,-575) is {'hardness': '1.50', 'replaceable': 'false', 'block': 'Í‡ÏÂÌ¸', 'position': '1195, 58, -575', 'id': 'minecraft:stone', 'is_air': 'false'}
  RUNNER active=true | Chain: UserTaskChain, priority: 50.0 | Game Menu Chain(on=true,p=-Infinity) UserTaskChain(on=true,p=50.0) Mob Defense(on=true,p=0.0) Death Menu Respawn Handling(on=true,p=-Infinity) Hand Stack Fix Chain(on=true,p=-Infinity) MLG Water Bucket Fall Chain(on=true,p=-Infinity) Unstuck Chain
  t=335s inGame=True hp=20.0 pos=1195.7,63.0,-574.8 items=7 busy=True d:pdEnter+447,mqStart+0,mqSteps+0,dbTick+445,rayMiss+0,leafCle+0
  TASK Description of current game pipeline that is selected: Current game tasks: Current Baritone executor task list (UserTaskChain task chain) | 1. Main task: <Beating the game (Miran version).> Priority: 410.00, Crafting Recipe{minecraft:stone_pickaxe} | 1.1. Subtasks: <Doing stuff in crafting_table container: [[stone_pickaxe]]>  |  -> | 1.1.0. <Doing stuff in crafting_table container>  |  -> | 1.1.1. <Collect Recipe Resources: {Recipe{minecraft:stone_pickaxe}}> Getting cobblestone x 3 |  -> | 1.1.2. <Collect minecraft:cobblestone: [[cobblestone] x 3]>  |  -> | 1.1.3. <Mine And Collect: [[cobblestone]]>  |  -> | 1.1.4. <Mining or Collecting> Retrying old heuristic! |  -> | 1.1.5. <Destroy block at 1196, 58, -575> Getting to block... |  -> | 1.1.6. <Getting to block class_2338{x=1196, y=58, z=-575}> Tungsten (primary) pathfinding...
  TARGET (1196,58,-575) is {'hardness': '1.50', 'replaceable': 'false', 'block': 'Í‡ÏÂÌ¸', 'position': '1196, 58, -575', 'id': 'minecraft:stone', 'is_air': 'false'}
  RUNNER active=true | Chain: UserTaskChain, priority: 50.0 | Game Menu Chain(on=true,p=-Infinity) UserTaskChain(on=true,p=50.0) Mob Defense(on=true,p=0.0) Death Menu Respawn Handling(on=true,p=-Infinity) Hand Stack Fix Chain(on=true,p=-Infinity) MLG Water Bucket Fall Chain(on=true,p=-Infinity) Unstuck Chain
  t=357s inGame=True hp=20.0 pos=1196.2,63.0,-574.6 items=7 busy=True d:pdEnter+447,mqStart+0,mqSteps+0,dbTick+444,rayMiss+0,leafCle+0
  TASK Description of current game pipeline that is selected: Current game tasks: Current Baritone executor task list (UserTaskChain task chain) | 1. Main task: <Beating the game (Miran version).> Priority: 410.00, Crafting Recipe{minecraft:stone_pickaxe} | 1.1. Subtasks: <Doing stuff in crafting_table container: [[stone_pickaxe]]>  |  -> | 1.1.0. <Doing stuff in crafting_table container>  |  -> | 1.1.1. <Collect Recipe Resources: {Recipe{minecraft:stone_pickaxe}}> Getting cobblestone x 3 |  -> | 1.1.2. <Collect minecraft:cobblestone: [[cobblestone] x 3]>  |  -> | 1.1.3. <Mine And Collect: [[cobblestone]]>  |  -> | 1.1.4. <Mining or Collecting> Retrying old heuristic! |  -> | 1.1.5. <Destroy block at 1196, 58, -576> Getting to block... |  -> | 1.1.6. <Getting to block class_2338{x=1196, y=58, z=-576}> Tungsten (primary) pathfinding...
  TARGET (1196,58,-576) is {'hardness': '1.50', 'replaceable': 'false', 'block': 'Í‡ÏÂÌ¸', 'position': '1196, 58, -576', 'id': 'minecraft:stone', 'is_air': 'false'}
  RUNNER active=true | Chain: UserTaskChain, priority: 50.0 | Game Menu Chain(on=true,p=-Infinity) UserTaskChain(on=true,p=50.0) Mob Defense(on=true,p=0.0) Death Menu Respawn Handling(on=true,p=-Infinity) Hand Stack Fix Chain(on=true,p=-Infinity) MLG Water Bucket Fall Chain(on=true,p=-Infinity) Unstuck Chain
  t=379s inGame=True hp=20.0 pos=1196.6,63.0,-575.5 items=7 busy=True d:pdEnter+451,mqStart+0,mqSteps+0,dbTick+447,rayMiss+0,leafCle+0
  deaths this run: 0 (bench /kill excluded: 0)
  end inv: {'nonEmpty': 4, 'items': 7, 'ids': ['minecraft:crafting_table', 'minecraft:wooden_pickaxe', 'minecraft:spruce_planks', 'minecraft:stick']}
  queue stats: called=81 deferred=0 inRange=0 clicked=0 noSup=0/0/0 | mqStarted=3 mqSteps=20 mqBack=0 mqTimeout=0 mqTicks=207 step=0/0 pdEnter=2181 pdNotPrim=0 pdPillar=0 pdBridge=0 pdStuck=3 pdWalking=0 pdNear=1976 pdNoGoal=0 pdFinished=0 pdNoVec=0 pdStallWalk=0 pdStallReset=16 pdNearBusy=361 pdNearFind=161 pdPlan=1976/9 pdLegacy=0 exArrived=132 exRanOut=81 exSprint=201/231 unknownGoal=- dbTick=2511 dbUnreachMove=5 dbUnreachWater=0 dbUnreachPillager=0 dbNear=0 dbFar=5 dbDistSum=25 dbNearTick=232 noReach=0 air=5 hungry=0 unsafe=0 blockedBy=minecraft:grass_block dbTargetAir=0 rayLeaves=0 rayOther=1964 rayMiss=200 leafCleared=0 dbBlocked=0/0/0 dbApproachStall=0 dbBestDist=23 dbTargets=18/6 dbReachGoal=0 cgTick=0 cgBig=0 cgInv=0 cgNoScreen=0 cgSent=0 cgOutReady=0 cgLastSent=- cgCraftable=0 cgNotCraftable=0 cgBookOk=0 cgBookNone=0 cgSmall=0 cgScreen=- ciTick=4960 ciCollect=4882 ciReceive=23 ciGrid=0 mdCalls=7621 mdWon=0 mdFlee=0 mdFight=0 mdRet=0/0/0/0/0/0/0/0/0/0 vgCalls=0 vgEdge=0 vgFall=0/0/0/0 rimBack=0 kbThrow=0/0/0/0 kbImp=0/0/0 shIssued=895 shDropped=186 shBlack=0 shThrown=0 gmDisc=0 gmRecSet=0 gmGuard=0 gmConn=0 shLastBlackSlot=-1 slotYeet=0 mqLost=0 mqStatusFail=0 mqRefused=0(short=0 vetoed=0) mqNoClass=0 mqParkour=0 mqAdmitMismatch=0 qPrep=0/204 blindPrep=0 mqNull=0 gaveUp=0/0 dc=8096/10/3/0/0 mc=84/0/0/2/0 mcFlight=70 mcSwitch=8 toolSwap=0 recipesKnown=917 wander=4133 wanderMoved=573 wanderChk=4133/0 wanderFail=0 lavaEsc=0 lavaCond=0/7621 surv=7621/7621 tbl=82/4@2 bs=91/91/157/157@3302ms navUnsafeAir=0 sm=0/0 smWater=0 srch=836/3/0 fallRetry=0/0 drop=14713/5167/132 scan=49480/629/0/0/0/0 navStop=0/0/0 fleeSpot=0/0 lock=3/0/1@minecraft:spruce_log:4.5>5.1,m0.0,h5.0,dy+1.0|<Approach_entity_entity.minecraft.item>_Tung;minecraft:spruce_log:3.7>4.4,m0.0,h4.4,dy+0.0|<Approach_entity_entity.minecraft.item>_Tung;minecraft:crafting_table:2.4>3.0,m0.0,h3.0,dy+0.0|<Approach_entity_entity.minecraft.item>_Tung cb=0/0/292/0 avoidSrc=0/0/2/7@pos@DoCraftInTableTask.onTick:312/pos@DoCraftInTableTask.onTick:312 et=22162/22136 sprint=0/204 lowHp=0/0 standOff=0 hurt=0/0/0 hurtWin=0/0 diseng=0/0 ctl=0 cq=0/0/0 los=0/0/0/0 kaTung=0/0/0/0 dte=0/0/0/0/0/0 mdTung=0/0 mdFleeStuck=0 mdFleeShooter=0 mdFar=0/0 arrows=0/0.00/0.00 draws=0/0/0/0.00 band=0/-1 dodgeYield=0 latch=0/0 breakFail=0/0/0/0/0 stranded=0/primary/200@46/primary/200 gp=7574/0/0/0/47 dodgeTask=0/0.00 dealt=0.0/0.0/7637 hitSize=0/0/0/0 takeSize=0/0/0/0 slotSync=0/0 critReset=0 stray=0/0 heldSwing=0 loseKite=0 holdBow=0 punkKept=0 swingHits=0 dodgeDrive=0 hop=0/0/0/0/0/0/0 mdPillarD=0 dmgTaken=0.0 dw=0/0.0/0.00/0.00/0/0 dwNoBlame=0 dmgWhy=0/0/0/0/0@0.0 strafe=0/0 voidEntries=0 voidTicks=0 lastFall=[] hits=0/0/0/0 hitRange=0.00/0.00 mdBow=0 bowShots=0 bowWild=0 bowNoSol=0 bowRestart=0 bowAimTO=0 bowDrawTO=0 bowBestMiss=-1.00 bowFacing=0 bowNoRoom=0 flee=0/0/0/0/0/0 qBurn=0 qTp=1 qNoMove=0 stuck=[-] staleRoot=0 | mvRequested=0 mvCooldown=0 mvNoHit=0 mvClicked=0 mvSteered=21 | gateThrough=1 gateHeld=318 queued=0 queuePlaced=0 entityReleased=3/0 idrop=8185/0/0/8185 rt=37240/7366/2290 entityCloseWalk=267/28/31/266/0/264/3
  recent chat: ['ß2ßlßo[Tungsten] ßrFinished!', 'ß2ßlßo[Tungsten] ßrFinished!', 'ß2ßlßo[Tungsten] ßrFound rought path!', 'ß2ßlßo[Tungsten] ßrFound rought path!', 'ß2ßlßo[Tungsten] ßrTime taken to find path: 0 minutes, 0 seconds, 2 milliseconds', 'ß2ßlßo[Tungsten] ßrTime taken to find path: 0 minutes, 0 seconds, 2 milliseconds', 'ß2ßlßo[Tungsten] ßrTime taken to execute: 0 minutes, 0 seconds, 100 milliseconds', 'ß2ßlßo[Tungsten] ßrTime taken to execute: 0 minutes, 0 seconds, 100 milliseconds', 'ß2ßlßo[Tungsten] ßrFinished!', 'ß2ßlßo[Tungsten] ßrFinished!']

=== RESULTS ===
  responsive polls: 17, busy polls: 17, distinct positions: 14, items gained: 11
  ladder: first craft@246.2s, crafting@268.2s, wood tools@290.5s
  client fps (median): 30.0 over 17 samples
  PHASES total=421s rcon=1s(0%) connect=22s(5%) reset=11s(3%) start=6s(1%) watch=381s(91%)
  GAMER_SMOKE: PASS

=========== RUN 3/40 ===========
[1] wait gamer-server rcon...
  [ok] gamer rcon
[2] connect bot to gamer-server...
  [ok] bot in game (gamer)
  [ok] world loaded (bot has a position)
[2b] reset to a known start (kill -> respawn -> empty -> heal -> day)...
  [ok] bot respawned
  fresh start #11: 1192 150 -239
  start has 71 log blocks within 40
  start pos: 1192.5,75.0,-238.5 (pinned)
[3] tungsten-primary (SHIPPED DEFAULT) + @gamer...
  client fps before start: 28.0
  ARM B
  PIN queueParkour=true
  PIN VERIFIED queueParkour=true
  shipped pathing flags: {'tungstenMinSegment': 8, 'tungstenPrimary': True, 'experimentalPathfinding': True, 'ok': True, 'useTungsten': True}
  walker debug: {'r': "{'walkerDebug': True, 'ok': True}"}
  zero counters: {'r': "{'ok': True}"}
  start inv: {'nonEmpty': 0, 'items': 0, 'ids': []}
[4] watching 6.0 min for progress...
  TASK  Current game tasks: Current Baritone executor task list (UserTaskChain task chain) | 1. Main task: <Beating the game (Miran version).> Priority: 400.00, Collecting resource: [[wooden_pickaxe]] | 1.1. Subtasks: <Get catalogued: {[wooden_pickaxe]}: [[wooden_pickaxe]]>  |  -> | 1.1.0. <Doing stuff in crafting_table container: [[wooden_pickaxe]]>  |  -> | 1.1.1. <Doing stuff in crafting_table container>  |  -> | 1.1.2. <Collect Recipe Resources: {Recipe{minecraft:wooden_pickaxe}}> Getting stick x 2 |  -> | 1.1.3. <Crafting 2 sticks: [[stick] x 2]>  |  -> | 1.1.4. <Craft 2x2 Task Recipe{minecraft:stick x 2}: [[stick] x 2]> Collecting materials |  -> | 1.1.5. <Collect Recipe Resources: {Recipe{minecraft:stick x 2}}> Getting planks x 2 |  -> | 1.1.6. <Crafting 2 planks [minecraft:acacia_planks, minecraft:birch_planks, minecraft:crimson_planks, minecraft:dark_oak_planks, minecraft:oak_planks, minecraft:jungle_planks, minecraft:spruce_planks, m... |  -> | 1.1.7. <Mine And Collect: [[acacia_log,birch_log,dark_oak_log,oak_log,jungle_log,spruce_log,acacia_wood,birch_wood,dark_oak_wood,oak_wood,jungle_wood,spruce_wood,stripped_acacia_log,stripped_birch_log,s... |  -> | 1.1.8. <Mining or Collecting> Retrying old heuristic! |  -> | 1.1.9. <Destroy block at 70, 123, -77> Getting to block... |  -> | 1.1.10. <Getting to block class_2338{x=70, y=123, z=-77}> Tungsten (primary) walking terrain...
  TARGET (70,123,-77) is {'hardness': '2.00', 'replaceable': 'false', 'block': '·Â‚ÌÓ Ú∏ÏÌÓ„Ó ‰Û·‡', 'position': '70, 123, -77', 'id': 'minecraft:dark_oak_log', 'is_air': 'false'}
  RUNNER active=true | Chain: UserTaskChain, priority: 50.0 | Game Menu Chain(on=true,p=-Infinity) UserTaskChain(on=true,p=50.0) Mob Defense(on=true,p=0.0) Death Menu Respawn Handling(on=true,p=-Infinity) Hand Stack Fix Chain(on=true,p=-Infinity) MLG Water Bucket Fall Chain(on=true,p=-Infinity) Unstuck Chain
  t=22s inGame=True hp=20.0 pos=69.7,120.0,-71.7 items=0 busy=True d:pdEnter+415,mqStart+6,mqSteps+52,dbTick+448,rayMiss+321,leafCle+0
  RUNNER active=true | Chain: UserTaskChain, priority: 50.0 | Game Menu Chain(on=true,p=-Infinity) UserTaskChain(on=true,p=50.0) Mob Defense(on=true,p=0.0) Death Menu Respawn Handling(on=true,p=-Infinity) Hand Stack Fix Chain(on=true,p=-Infinity) MLG Water Bucket Fall Chain(on=true,p=-Infinity) Unstuck Chain
  t=44s inGame=True hp=20.0 pos=69.7,120.0,-71.7 items=0 busy=True d:pdEnter+441,mqStart+4,mqSteps+0,dbTick+439,rayMiss+0,leafCle+0
  RUNNER active=true | Chain: UserTaskChain, priority: 50.0 | Game Menu Chain(on=true,p=-Infinity) UserTaskChain(on=true,p=50.0) Mob Defense(on=true,p=0.0) Death Menu Respawn Handling(on=true,p=-Infinity) Hand Stack Fix Chain(on=true,p=-Infinity) MLG Water Bucket Fall Chain(on=true,p=-Infinity) Unstuck Chain
  t=66s inGame=True hp=20.0 pos=69.7,120.0,-71.7 items=0 busy=True d:pdEnter+444,mqStart+3,mqSteps+0,dbTick+440,rayMiss+0,leafCle+0
  RUNNER active=true | Chain: UserTaskChain, priority: 50.0 | Game Menu Chain(on=true,p=-Infinity) UserTaskChain(on=true,p=50.0) Mob Defense(on=true,p=0.0) Death Menu Respawn Handling(on=true,p=-Infinity) Hand Stack Fix Chain(on=true,p=-Infinity) MLG Water Bucket Fall Chain(on=true,p=-Infinity) Unstuck Chain
  STALLED: position unchanged for 3 polls at 69.7,120.0,-71.7
  stall evidence written to C:\repos\pet\unionclef\deploy\runner\freezes\stall_run3.txt
  t=89s inGame=True hp=20.0 pos=69.7,120.0,-71.7 items=0 busy=True d:pdEnter+442,mqStart+4,mqSteps+0,dbTick+440,rayMiss+0,leafCle+0
  RUNNER active=true | Chain: UserTaskChain, priority: 50.0 | Game Menu Chain(on=true,p=-Infinity) UserTaskChain(on=true,p=50.0) Mob Defense(on=true,p=0.0) Death Menu Respawn Handling(on=true,p=-Infinity) Hand Stack Fix Chain(on=true,p=-Infinity) MLG Water Bucket Fall Chain(on=true,p=-Infinity) Unstuck Chain
  t=111s inGame=True hp=20.0 pos=69.7,120.0,-71.7 items=0 busy=True d:pdEnter+476,mqStart+4,mqSteps+0,dbTick+472,rayMiss+0,leafCle+0
  RUNNER active=true | Chain: UserTaskChain, priority: 50.0 | Game Menu Chain(on=true,p=-Infinity) UserTaskChain(on=true,p=50.0) Mob Defense(on=true,p=0.0) Death Menu Respawn Handling(on=true,p=-Infinity) Hand Stack Fix Chain(on=true,p=-Infinity) MLG Water Bucket Fall Chain(on=true,p=-Infinity) Unstuck Chain
  t=133s inGame=True hp=20.0 pos=69.7,120.0,-71.7 items=0 busy=True d:pdEnter+444,mqStart+3,mqSteps+0,dbTick+441,rayMiss+0,leafCle+0
  RUNNER active=true | Chain: UserTaskChain, priority: 50.0 | Game Menu Chain(on=true,p=-Infinity) UserTaskChain(on=true,p=50.0) Mob Defense(on=true,p=0.0) Death Menu Respawn Handling(on=true,p=-Infinity) Hand Stack Fix Chain(on=true,p=-Infinity) MLG Water Bucket Fall Chain(on=true,p=-Infinity) Unstuck Chain
  LADDER STALLED: no new rung for 150s (last: -)
  stall evidence written to C:\repos\pet\unionclef\deploy\runner\freezes\stall_run3_ladder.txt
  t=157s inGame=True hp=20.0 pos=69.7,120.0,-71.7 items=0 busy=True d:pdEnter+447,mqStart+4,mqSteps+0,dbTick+444,rayMiss+0,leafCle+0
  RUNNER active=true | Chain: UserTaskChain, priority: 50.0 | Game Menu Chain(on=true,p=-Infinity) UserTaskChain(on=true,p=50.0) Mob Defense(on=true,p=0.0) Death Menu Respawn Handling(on=true,p=-Infinity) Hand Stack Fix Chain(on=true,p=-Infinity) MLG Water Bucket Fall Chain(on=true,p=-Infinity) Unstuck Chain
  t=179s inGame=True hp=20.0 pos=69.7,120.0,-71.7 items=0 busy=True d:pdEnter+472,mqStart+4,mqSteps+0,dbTick+469,rayMiss+0,leafCle+0
  RUNNER active=true | Chain: UserTaskChain, priority: 50.0 | Game Menu Chain(on=true,p=-Infinity) UserTaskChain(on=true,p=50.0) Mob Defense(on=true,p=0.0) Death Menu Respawn Handling(on=true,p=-Infinity) Hand Stack Fix Chain(on=true,p=-Infinity) MLG Water Bucket Fall Chain(on=true,p=-Infinity) Unstuck Chain
  t=201s inGame=True hp=20.0 pos=69.7,120.0,-71.7 items=0 busy=True d:pdEnter+441,mqStart+4,mqSteps+0,dbTick+438,rayMiss+0,leafCle+0
  RUNNER active=true | Chain: UserTaskChain, priority: 50.0 | Game Menu Chain(on=true,p=-Infinity) UserTaskChain(on=true,p=50.0) Mob Defense(on=true,p=0.0) Death Menu Respawn Handling(on=true,p=-Infinity) Hand Stack Fix Chain(on=true,p=-Infinity) MLG Water Bucket Fall Chain(on=true,p=-Infinity) Unstuck Chain
  t=223s inGame=True hp=20.0 pos=69.7,120.0,-71.7 items=0 busy=True d:pdEnter+443,mqStart+3,mqSteps+0,dbTick+440,rayMiss+0,leafCle+0
  RUNNER active=true | Chain: UserTaskChain, priority: 50.0 | Game Menu Chain(on=true,p=-Infinity) UserTaskChain(on=true,p=50.0) Mob Defense(on=true,p=0.0) Death Menu Respawn Handling(on=true,p=-Infinity) Hand Stack Fix Chain(on=true,p=-Infinity) MLG Water Bucket Fall Chain(on=true,p=-Infinity) Unstuck Chain
  t=245s inGame=True hp=20.0 pos=69.7,120.0,-71.7 items=0 busy=True d:pdEnter+444,mqStart+4,mqSteps+0,dbTick+441,rayMiss+0,leafCle+0
  RUNNER active=true | Chain: UserTaskChain, priority: 50.0 | Game Menu Chain(on=true,p=-Infinity) UserTaskChain(on=true,p=50.0) Mob Defense(on=true,p=0.0) Death Menu Respawn Handling(on=true,p=-Infinity) Hand Stack Fix Chain(on=true,p=-Infinity) MLG Water Bucket Fall Chain(on=true,p=-Infinity) Unstuck Chain
  t=267s inGame=True hp=20.0 pos=69.7,120.0,-71.7 items=0 busy=True d:pdEnter+445,mqStart+4,mqSteps+0,dbTick+442,rayMiss+0,leafCle+0
  RUNNER active=true | Chain: UserTaskChain, priority: 50.0 | Game Menu Chain(on=true,p=-Infinity) UserTaskChain(on=true,p=50.0) Mob Defense(on=true,p=0.0) Death Menu Respawn Handling(on=true,p=-Infinity) Hand Stack Fix Chain(on=true,p=-Infinity) MLG Water Bucket Fall Chain(on=true,p=-Infinity) Unstuck Chain
  t=289s inGame=True hp=20.0 pos=69.7,120.0,-71.7 items=0 busy=True d:pdEnter+441,mqStart+3,mqSteps+0,dbTick+438,rayMiss+0,leafCle+0
  RUNNER active=true | Chain: UserTaskChain, priority: 50.0 | Game Menu Chain(on=true,p=-Infinity) UserTaskChain(on=true,p=50.0) Mob Defense(on=true,p=0.0) Death Menu Respawn Handling(on=true,p=-Infinity) Hand Stack Fix Chain(on=true,p=-Infinity) MLG Water Bucket Fall Chain(on=true,p=-Infinity) Unstuck Chain
  t=311s inGame=True hp=20.0 pos=69.7,120.0,-71.7 items=0 busy=True d:pdEnter+442,mqStart+4,mqSteps+0,dbTick+439,rayMiss+0,leafCle+0
  RUNNER active=true | Chain: UserTaskChain, priority: 50.0 | Game Menu Chain(on=true,p=-Infinity) UserTaskChain(on=true,p=50.0) Mob Defense(on=true,p=0.0) Death Menu Respawn Handling(on=true,p=-Infinity) Hand Stack Fix Chain(on=true,p=-Infinity) MLG Water Bucket Fall Chain(on=true,p=-Infinity) Unstuck Chain
  t=333s inGame=True hp=20.0 pos=69.7,120.0,-71.7 items=0 busy=True d:pdEnter+442,mqStart+3,mqSteps+0,dbTick+439,rayMiss+0,leafCle+0
  RUNNER active=true | Chain: UserTaskChain, priority: 50.0 | Game Menu Chain(on=true,p=-Infinity) UserTaskChain(on=true,p=50.0) Mob Defense(on=true,p=0.0) Death Menu Respawn Handling(on=true,p=-Infinity) Hand Stack Fix Chain(on=true,p=-Infinity) MLG Water Bucket Fall Chain(on=true,p=-Infinity) Unstuck Chain
  t=355s inGame=True hp=20.0 pos=69.7,120.0,-71.7 items=0 busy=True d:pdEnter+441,mqStart+4,mqSteps+0,dbTick+438,rayMiss+0,leafCle+0
  RUNNER active=true | Chain: UserTaskChain, priority: 50.0 | Game Menu Chain(on=true,p=-Infinity) UserTaskChain(on=true,p=50.0) Mob Defense(on=true,p=0.0) Death Menu Respawn Handling(on=true,p=-Infinity) Hand Stack Fix Chain(on=true,p=-Infinity) MLG Water Bucket Fall Chain(on=true,p=-Infinity) Unstuck Chain
  t=377s inGame=True hp=20.0 pos=69.7,120.0,-71.7 items=0 busy=True d:pdEnter+446,mqStart+4,mqSteps+0,dbTick+443,rayMiss+0,leafCle+0
  deaths this run: 0 (bench /kill excluded: 0)
  end inv: {'nonEmpty': 0, 'items': 0, 'ids': []}
  queue stats: called=0 deferred=0 inRange=0 clicked=0 noSup=0/0/0 | mqStarted=65 mqSteps=52 mqBack=0 mqTimeout=0 mqTicks=7540 step=0/2 pdEnter=7583 pdNotPrim=0 pdPillar=0 pdBridge=0 pdStuck=23 pdWalking=0 pdNear=0 pdNoGoal=0 pdFinished=0 pdNoVec=0 pdStallWalk=0 pdStallReset=71 pdNearBusy=0 pdNearFind=0 pdPlan=0/0 pdLegacy=0 exArrived=0 exRanOut=0 exSprint=0/0 unknownGoal=- dbTick=7568 dbUnreachMove=0 dbUnreachWater=0 dbUnreachPillager=0 dbNear=0 dbFar=0 dbDistSum=0 dbNearTick=0 noReach=0 air=0 hungry=0 unsafe=0 blockedBy=minecraft:mushroom_stem dbTargetAir=0 rayLeaves=3 rayOther=7200 rayMiss=321 leafCleared=0 dbBlocked=0/0/0 dbApproachStall=0 dbBestDist=53 dbTargets=15/0 dbReachGoal=0 cgTick=0 cgBig=0 cgInv=0 cgNoScreen=0 cgSent=0 cgOutReady=0 cgLastSent=- cgCraftable=0 cgNotCraftable=0 cgBookOk=0 cgBookNone=0 cgSmall=0 cgScreen=- ciTick=7568 ciCollect=7568 ciReceive=0 ciGrid=0 mdCalls=7568 mdWon=0 mdFlee=0 mdFight=0 mdRet=0/0/0/0/0/0/0/0/0/0 vgCalls=0 vgEdge=0 vgFall=0/0/0/0 rimBack=0 kbThrow=0/0/0/0 kbImp=0/0/0 shIssued=936 shDropped=0 shBlack=0 shThrown=0 gmDisc=0 gmRecSet=0 gmGuard=0 gmConn=0 shLastBlackSlot=-1 slotYeet=0 mqLost=0 mqStatusFail=0 mqRefused=0(short=0 vetoed=0) mqNoClass=0 mqParkour=4 mqAdmitMismatch=0 qPrep=0/7476 blindPrep=0 mqNull=0 gaveUp=0/0 dc=7568/13/1/0/0 mc=0/0/0/0/0 mcFlight=0 mcSwitch=0 toolSwap=0 recipesKnown=917 wander=0 wanderMoved=0 wanderChk=0/0 wanderFail=0 lavaEsc=0 lavaCond=0/7568 surv=7568/7568 tbl=0/0@0 bs=80/80/157/157@3552ms navUnsafeAir=0 sm=0/0 smWater=0 srch=0/0/0 fallRetry=0/0 drop=15076/0/0 scan=115403/0/0/0/0/0 navStop=0/0/0 fleeSpot=0/0 lock=0/0/0@- cb=0/0/2/0 avoidSrc=0/0/2/6@pos@DoCraftInTableTask.onTick:312/pos@DoCraftInTableTask.onTick:312 et=23984/23979 sprint=177/7476 lowHp=0/0 standOff=0 hurt=0/0/0 hurtWin=0/0 diseng=0/0 ctl=0 cq=0/0/0 los=0/0/0/0 kaTung=0/0/0/0 dte=0/0/0/0/0/0 mdTung=0/0 mdFleeStuck=0 mdFleeShooter=0 mdFar=0/0 arrows=0/0.00/0.00 draws=0/0/0/0.00 band=0/-1 dodgeYield=0 latch=0/0 breakFail=0/0/0/0/0 stranded=0/primary/200@122/primary/200 gp=7568/0/0/0/0 dodgeTask=0/0.00 dealt=0.0/0.0/7582 hitSize=0/0/0/0 takeSize=0/0/0/0 slotSync=0/0 critReset=0 stray=0/0 heldSwing=0 loseKite=0 holdBow=0 punkKept=0 swingHits=0 dodgeDrive=0 hop=0/0/0/0/0/0/0 mdPillarD=0 dmgTaken=0.0 dw=0/0.0/0.00/0.00/0/0 dwNoBlame=0 dmgWhy=0/0/0/0/0@0.0 strafe=0/0 voidEntries=0 voidTicks=0 lastFall=[] hits=0/0/0/0 hitRange=0.00/0.00 mdBow=0 bowShots=0 bowWild=0 bowNoSol=0 bowRestart=0 bowAimTO=0 bowDrawTO=0 bowBestMiss=-1.00 bowFacing=0 bowNoRoom=0 flee=0/0/0/0/0/0 qBurn=0 qTp=1 qNoMove=59 stuck=[on:grass_block in:air head:air go:EN- sneak:n fwd:Y spr:n Diagonal/RUNNING/idx0of2;on:grass_block in:air head:air go:EN- sneak:n fwd:Y spr:n Diagonal/RUNNING/idx0of2;on:grass_block in:air head:air go:EN- sneak:n fwd:Y spr:n Diagonal/RUNNING/idx0of2;on:grass_block in:air head:air go:EN- sneak:n fwd:Y spr:n Diagonal/RUNNING/idx0of2] staleRoot=0 | mvRequested=0 mvCooldown=0 mvNoHit=0 mvClicked=0 mvSteered=154 | gateThrough=1 gateHeld=318 queued=0 queuePlaced=0 entityReleased=0/0 idrop=0/0/0/0 rt=45408/7568/0 entityCloseWalk=0/0/0/0/0/0/0
  recent chat: ['ß2ßlßo[Alto Clef] ßrprimDrive gridBFS sz3 degenfalse d7.7 dy6.0', 'ß2ßlßo[Alto Clef] ßrprimDrive gridBFS sz3 degenfalse d7.7 dy6.0', 'ß2ßlßo[Alto Clef] ßrprimDrive gridBFS sz3 degenfalse d7.7 dy6.0', 'ß2ßlßo[Alto Clef] ßrprimDrive gridBFS sz3 degenfalse d7.7 dy6.0', 'ß2ßlßo[Alto Clef] ßrprimDrive gridBFS sz3 degenfalse d7.7 dy6.0', 'ß2ßlßo[Alto Clef] ßrprimDrive gridBFS sz3 degenfalse d7.7 dy6.0', 'ß2ßlßo[Alto Clef] ßrprimDrive gridBFS sz3 degenfalse d7.7 dy6.0', 'ß2ßlßo[Alto Clef] ßrprimDrive gridBFS sz3 degenfalse d7.7 dy6.0', 'ß2ßlßo[Alto Clef] ßrprimDrive gridBFS sz3 degenfalse d7.7 dy6.0', 'ß2ßlßo[Alto Clef] ßrprimDrive gridBFS sz3 degenfalse d7.7 dy6.0']

=== RESULTS ===
  responsive polls: 17, busy polls: 17, distinct positions: 1, items gained: 0
  ladder: nothing reached
  client fps (median): 25.0 over 17 samples
  PHASES total=418s rcon=1s(0%) connect=22s(5%) reset=11s(3%) start=5s(1%) watch=379s(91%)
  GAMER_SMOKE: FAIL (or no early progress in window)

=========== RUN 4/40 ===========
[1] wait gamer-server rcon...
  [ok] gamer rcon
[2] connect bot to gamer-server...
  [ok] bot in game (gamer)
  [ok] world loaded (bot has a position)
[2b] reset to a known start (kill -> respawn -> empty -> heal -> day)...
  [ok] bot respawned
  fresh start #12: 1192 150 61
  start has 113 log blocks within 40
  start pos: 106.5,134.0,-29.5 (pinned)
[3] tungsten-primary (SHIPPED DEFAULT) + @gamer...
  client fps before start: 25.0
  ARM A
  PIN queueParkour=false
  PIN VERIFIED queueParkour=false
  shipped pathing flags: {'tungstenMinSegment': 8, 'tungstenPrimary': True, 'experimentalPathfinding': True, 'ok': True, 'useTungsten': True}
  walker debug: {'r': "{'walkerDebug': True, 'ok': True}"}
  zero counters: {'r': "{'ok': True}"}
  start inv: {'nonEmpty': 0, 'items': 0, 'ids': []}
[4] watching 6.0 min for progress...
  TASK Description of current game pipeline that is selected: Current game tasks: Current Baritone executor task list (UserTaskChain task chain) | 1. Main task: <Beating the game (Miran version).> Priority: 400.00, Collecting resource: [[wooden_pickaxe]]
  RUNNER active=true | Chain: UserTaskChain, priority: 50.0 | Game Menu Chain(on=true,p=-Infinity) UserTaskChain(on=true,p=50.0) Mob Defense(on=true,p=0.0) Death Menu Respawn Handling(on=true,p=-Infinity) Hand Stack Fix Chain(on=true,p=-Infinity) MLG Water Bucket Fall Chain(on=true,p=-Infinity) Unstuck Chain
  t=22s inGame=True hp=20.0 pos=72.6,118.9,-68.7 items=0 busy=True d:pdEnter+395,mqStart+8,mqSteps+30,dbTick+442,rayMiss+330,leafCle+0
  TASK rent game tasks: Current Baritone executor task list (UserTaskChain task chain) | 1. Main task: <Beating the game (Miran version).> Priority: 400.00, Collecting resource: [[wooden_pickaxe]] | 1.1. Subtasks: <Get catalogued: {[wooden_pickaxe]}: [[wooden_pickaxe]]>  |  -> | 1.1.0. <Doing stuff in crafting_table container: [[wooden_pickaxe]]>  |  -> | 1.1.1. <Doing stuff in crafting_table container>  |  -> | 1.1.2. <Collect Recipe Resources: {Recipe{minecraft:wooden_pickaxe}}> Getting stick x 2 |  -> | 1.1.3. <Crafting 2 sticks: [[stick] x 2]>  |  -> | 1.1.4. <Craft 2x2 Task Recipe{minecraft:stick x 2}: [[stick] x 2]> Collecting materials |  -> | 1.1.5. <Collect Recipe Resources: {Recipe{minecraft:stick x 2}}> Getting planks x 2 |  -> | 1.1.6. <Crafting 2 planks [minecraft:acacia_planks, minecraft:birch_planks, minecraft:crimson_planks, minecraft:dark_oak_planks, minecraft:oak_planks, minecraft:jungle_planks, minecraft:spruce_planks, m... |  -> | 1.1.7. <Mine And Collect: [[acacia_log,birch_log,dark_oak_log,oak_log,jungle_log,spruce_log,acacia_wood,birch_wood,dark_oak_wood,oak_wood,jungle_wood,spruce_wood,stripped_acacia_log,stripped_birch_log,s... |  -> | 1.1.8. <Mining or Collecting> Moving towards closest... |  -> | 1.1.9. <Destroy block at 78, 116, -100> Getting to block... |  -> | 1.1.10. <Getting to block class_2338{x=78, y=116, z=-100}> Tungsten (primary) walking terrain...
  TARGET (78,116,-100) is {'hardness': '2.00', 'replaceable': 'false', 'block': '·Â‚ÌÓ Ú∏ÏÌÓ„Ó ‰Û·‡', 'position': '78, 116, -100', 'id': 'minecraft:dark_oak_log', 'is_air': 'false'}
  RUNNER active=true | Chain: UserTaskChain, priority: 50.0 | Game Menu Chain(on=true,p=-Infinity) UserTaskChain(on=true,p=50.0) Mob Defense(on=true,p=0.0) Death Menu Respawn Handling(on=true,p=-Infinity) Hand Stack Fix Chain(on=true,p=-Infinity) MLG Water Bucket Fall Chain(on=true,p=-Infinity) Unstuck Chain
  t=44s inGame=True hp=20.0 pos=72.7,116.0,-69.7 items=0 busy=True d:pdEnter+448,mqStart+0,mqSteps+0,dbTick+447,rayMiss+0,leafCle+0
  TASK rent game tasks: Current Baritone executor task list (UserTaskChain task chain) | 1. Main task: <Beating the game (Miran version).> Priority: 400.00, Collecting resource: [[wooden_pickaxe]] | 1.1. Subtasks: <Get catalogued: {[wooden_pickaxe]}: [[wooden_pickaxe]]>  |  -> | 1.1.0. <Doing stuff in crafting_table container: [[wooden_pickaxe]]>  |  -> | 1.1.1. <Doing stuff in crafting_table container>  |  -> | 1.1.2. <Collect Recipe Resources: {Recipe{minecraft:wooden_pickaxe}}> Getting stick x 2 |  -> | 1.1.3. <Crafting 2 sticks: [[stick] x 2]>  |  -> | 1.1.4. <Craft 2x2 Task Recipe{minecraft:stick x 2}: [[stick] x 2]> Collecting materials |  -> | 1.1.5. <Collect Recipe Resources: {Recipe{minecraft:stick x 2}}> Getting planks x 2 |  -> | 1.1.6. <Crafting 2 planks [minecraft:acacia_planks, minecraft:birch_planks, minecraft:crimson_planks, minecraft:dark_oak_planks, minecraft:oak_planks, minecraft:jungle_planks, minecraft:spruce_planks, m... |  -> | 1.1.7. <Mine And Collect: [[acacia_log,birch_log,dark_oak_log,oak_log,jungle_log,spruce_log,acacia_wood,birch_wood,dark_oak_wood,oak_wood,jungle_wood,spruce_wood,stripped_acacia_log,stripped_birch_log,s... |  -> | 1.1.8. <Mining or Collecting> Moving towards closest... |  -> | 1.1.9. <Destroy block at 68, 114, -102> Getting to block... |  -> | 1.1.10. <Getting to block class_2338{x=68, y=114, z=-102}> Tungsten (primary) walking terrain...
  TARGET (68,114,-102) is {'hardness': '2.00', 'replaceable': 'false', 'block': '·Â‚ÌÓ Ú∏ÏÌÓ„Ó ‰Û·‡', 'position': '68, 114, -102', 'id': 'minecraft:dark_oak_log', 'is_air': 'false'}
  RUNNER active=true | Chain: UserTaskChain, priority: 50.0 | Game Menu Chain(on=true,p=-Infinity) UserTaskChain(on=true,p=50.0) Mob Defense(on=true,p=0.0) Death Menu Respawn Handling(on=true,p=-Infinity) Hand Stack Fix Chain(on=true,p=-Infinity) MLG Water Bucket Fall Chain(on=true,p=-Infinity) Unstuck Chain
  t=66s inGame=True hp=20.0 pos=71.3,116.0,-69.5 items=0 busy=True d:pdEnter+450,mqStart+1,mqSteps+1,dbTick+450,rayMiss+0,leafCle+0
  RUNNER active=true | Chain: UserTaskChain, priority: 50.0 | Game Menu Chain(on=true,p=-Infinity) UserTaskChain(on=true,p=50.0) Mob Defense(on=true,p=0.0) Death Menu Respawn Handling(on=true,p=-Infinity) Hand Stack Fix Chain(on=true,p=-Infinity) MLG Water Bucket Fall Chain(on=true,p=-Infinity) Unstuck Chain
  t=89s inGame=True hp=20.0 pos=71.3,117.2,-68.3 items=0 busy=True d:pdEnter+450,mqStart+6,mqSteps+6,dbTick+447,rayMiss+0,leafCle+0
  RUNNER active=true | Chain: UserTaskChain, priority: 50.0 | Game Menu Chain(on=true,p=-Infinity) UserTaskChain(on=true,p=50.0) Mob Defense(on=true,p=0.0) Death Menu Respawn Handling(on=true,p=-Infinity) Hand Stack Fix Chain(on=true,p=-Infinity) MLG Water Bucket Fall Chain(on=true,p=-Infinity) Unstuck Chain
  t=111s inGame=True hp=20.0 pos=71.6,116.8,-69.7 items=0 busy=True d:pdEnter+443,mqStart+12,mqSteps+11,dbTick+441,rayMiss+0,leafCle+0
  RUNNER active=true | Chain: UserTaskChain, priority: 50.0 | Game Menu Chain(on=true,p=-Infinity) UserTaskChain(on=true,p=50.0) Mob Defense(on=true,p=0.0) Death Menu Respawn Handling(on=true,p=-Infinity) Hand Stack Fix Chain(on=true,p=-Infinity) MLG Water Bucket Fall Chain(on=true,p=-Infinity) Unstuck Chain
  t=133s inGame=True hp=20.0 pos=71.5,116.4,-69.5 items=0 busy=True d:pdEnter+438,mqStart+15,mqSteps+15,dbTick+437,rayMiss+0,leafCle+0
  RUNNER active=true | Chain: UserTaskChain, priority: 50.0 | Game Menu Chain(on=true,p=-Infinity) UserTaskChain(on=true,p=50.0) Mob Defense(on=true,p=0.0) Death Menu Respawn Handling(on=true,p=-Infinity) Hand Stack Fix Chain(on=true,p=-Infinity) MLG Water Bucket Fall Chain(on=true,p=-Infinity) Unstuck Chain
  LADDER STALLED: no new rung for 150s (last: -)
  stall evidence written to C:\repos\pet\unionclef\deploy\runner\freezes\stall_run4_ladder.txt
  t=156s inGame=True hp=20.0 pos=71.3,116.1,-68.4 items=0 busy=True d:pdEnter+440,mqStart+16,mqSteps+15,dbTick+438,rayMiss+0,leafCle+0
  RUNNER active=true | Chain: UserTaskChain, priority: 50.0 | Game Menu Chain(on=true,p=-Infinity) UserTaskChain(on=true,p=50.0) Mob Defense(on=true,p=0.0) Death Menu Respawn Handling(on=true,p=-Infinity) Hand Stack Fix Chain(on=true,p=-Infinity) MLG Water Bucket Fall Chain(on=true,p=-Infinity) Unstuck Chain
  t=178s inGame=True hp=20.0 pos=71.7,117.2,-69.7 items=0 busy=True d:pdEnter+473,mqStart+16,mqSteps+17,dbTick+472,rayMiss+0,leafCle+0
  RUNNER active=true | Chain: UserTaskChain, priority: 50.0 | Game Menu Chain(on=true,p=-Infinity) UserTaskChain(on=true,p=50.0) Mob Defense(on=true,p=0.0) Death Menu Respawn Handling(on=true,p=-Infinity) Hand Stack Fix Chain(on=true,p=-Infinity) MLG Water Bucket Fall Chain(on=true,p=-Infinity) Unstuck Chain
  t=200s inGame=True hp=20.0 pos=71.3,117.2,-68.9 items=0 busy=True d:pdEnter+439,mqStart+15,mqSteps+15,dbTick+437,rayMiss+0,leafCle+0
  RUNNER active=true | Chain: UserTaskChain, priority: 50.0 | Game Menu Chain(on=true,p=-Infinity) UserTaskChain(on=true,p=50.0) Mob Defense(on=true,p=0.0) Death Menu Respawn Handling(on=true,p=-Infinity) Hand Stack Fix Chain(on=true,p=-Infinity) MLG Water Bucket Fall Chain(on=true,p=-Infinity) Unstuck Chain
  t=222s inGame=True hp=20.0 pos=71.3,116.0,-68.5 items=0 busy=True d:pdEnter+439,mqStart+16,mqSteps+15,dbTick+438,rayMiss+0,leafCle+0
  RUNNER active=true | Chain: UserTaskChain, priority: 50.0 | Game Menu Chain(on=true,p=-Infinity) UserTaskChain(on=true,p=50.0) Mob Defense(on=true,p=0.0) Death Menu Respawn Handling(on=true,p=-Infinity) Hand Stack Fix Chain(on=true,p=-Infinity) MLG Water Bucket Fall Chain(on=true,p=-Infinity) Unstuck Chain
  t=244s inGame=True hp=20.0 pos=71.3,117.2,-69.5 items=0 busy=True d:pdEnter+439,mqStart+5,mqSteps+6,dbTick+437,rayMiss+0,leafCle+0
  RUNNER active=true | Chain: UserTaskChain, priority: 50.0 | Game Menu Chain(on=true,p=-Infinity) UserTaskChain(on=true,p=50.0) Mob Defense(on=true,p=0.0) Death Menu Respawn Handling(on=true,p=-Infinity) Hand Stack Fix Chain(on=true,p=-Infinity) MLG Water Bucket Fall Chain(on=true,p=-Infinity) Unstuck Chain
  t=266s inGame=True hp=20.0 pos=71.3,116.0,-68.3 items=0 busy=True d:pdEnter+441,mqStart+0,mqSteps+0,dbTick+440,rayMiss+0,leafCle+0
  RUNNER active=true | Chain: UserTaskChain, priority: 50.0 | Game Menu Chain(on=true,p=-Infinity) UserTaskChain(on=true,p=50.0) Mob Defense(on=true,p=0.0) Death Menu Respawn Handling(on=true,p=-Infinity) Hand Stack Fix Chain(on=true,p=-Infinity) MLG Water Bucket Fall Chain(on=true,p=-Infinity) Unstuck Chain
  t=288s inGame=True hp=20.0 pos=71.7,117.3,-69.5 items=0 busy=True d:pdEnter+441,mqStart+1,mqSteps+1,dbTick+439,rayMiss+0,leafCle+0
  RUNNER active=true | Chain: UserTaskChain, priority: 50.0 | Game Menu Chain(on=true,p=-Infinity) UserTaskChain(on=true,p=50.0) Mob Defense(on=true,p=0.0) Death Menu Respawn Handling(on=true,p=-Infinity) Hand Stack Fix Chain(on=true,p=-Infinity) MLG Water Bucket Fall Chain(on=true,p=-Infinity) Unstuck Chain
  t=310s inGame=True hp=20.0 pos=71.3,117.2,-68.3 items=0 busy=True d:pdEnter+442,mqStart+1,mqSteps+0,dbTick+440,rayMiss+0,leafCle+0
  RUNNER active=true | Chain: UserTaskChain, priority: 50.0 | Game Menu Chain(on=true,p=-Infinity) UserTaskChain(on=true,p=50.0) Mob Defense(on=true,p=0.0) Death Menu Respawn Handling(on=true,p=-Infinity) Hand Stack Fix Chain(on=true,p=-Infinity) MLG Water Bucket Fall Chain(on=true,p=-Infinity) Unstuck Chain
  t=332s inGame=True hp=20.0 pos=71.3,117.2,-68.3 items=0 busy=True d:pdEnter+441,mqStart+0,mqSteps+1,dbTick+440,rayMiss+0,leafCle+0
  TASK rent game tasks: Current Baritone executor task list (UserTaskChain task chain) | 1. Main task: <Beating the game (Miran version).> Priority: 400.00, Collecting resource: [[wooden_pickaxe]] | 1.1. Subtasks: <Get catalogued: {[wooden_pickaxe]}: [[wooden_pickaxe]]>  |  -> | 1.1.0. <Doing stuff in crafting_table container: [[wooden_pickaxe]]>  |  -> | 1.1.1. <Doing stuff in crafting_table container>  |  -> | 1.1.2. <Collect Recipe Resources: {Recipe{minecraft:wooden_pickaxe}}> Getting stick x 2 |  -> | 1.1.3. <Crafting 2 sticks: [[stick] x 2]>  |  -> | 1.1.4. <Craft 2x2 Task Recipe{minecraft:stick x 2}: [[stick] x 2]> Collecting materials |  -> | 1.1.5. <Collect Recipe Resources: {Recipe{minecraft:stick x 2}}> Getting planks x 2 |  -> | 1.1.6. <Crafting 2 planks [minecraft:acacia_planks, minecraft:birch_planks, minecraft:crimson_planks, minecraft:dark_oak_planks, minecraft:oak_planks, minecraft:jungle_planks, minecraft:spruce_planks, m... |  -> | 1.1.7. <Mine And Collect: [[acacia_log,birch_log,dark_oak_log,oak_log,jungle_log,spruce_log,acacia_wood,birch_wood,dark_oak_wood,oak_wood,jungle_wood,spruce_wood,stripped_acacia_log,stripped_birch_log,s... |  -> | 1.1.8. <Mining or Collecting> Moving towards closest... |  -> | 1.1.9. <Destroy block at 68, 114, -103> Getting to block... |  -> | 1.1.10. <Getting to block class_2338{x=68, y=114, z=-103}> Tungsten (primary) walking terrain...
  TARGET (68,114,-103) is {'hardness': '2.00', 'replaceable': 'false', 'block': '·Â‚ÌÓ Ú∏ÏÌÓ„Ó ‰Û·‡', 'position': '68, 114, -103', 'id': 'minecraft:dark_oak_log', 'is_air': 'false'}
  RUNNER active=true | Chain: UserTaskChain, priority: 50.0 | Game Menu Chain(on=true,p=-Infinity) UserTaskChain(on=true,p=50.0) Mob Defense(on=true,p=0.0) Death Menu Respawn Handling(on=true,p=-Infinity) Hand Stack Fix Chain(on=true,p=-Infinity) MLG Water Bucket Fall Chain(on=true,p=-Infinity) Unstuck Chain
  t=354s inGame=True hp=20.0 pos=71.5,116.0,-69.7 items=0 busy=True d:pdEnter+444,mqStart+1,mqSteps+1,dbTick+442,rayMiss+0,leafCle+0
  TASK  Current game tasks: Current Baritone executor task list (UserTaskChain task chain) | 1. Main task: <Beating the game (Miran version).> Priority: 400.00, Collecting resource: [[wooden_pickaxe]] | 1.1. Subtasks: <Get catalogued: {[wooden_pickaxe]}: [[wooden_pickaxe]]>  |  -> | 1.1.0. <Doing stuff in crafting_table container: [[wooden_pickaxe]]>  |  -> | 1.1.1. <Doing stuff in crafting_table container>  |  -> | 1.1.2. <Collect Recipe Resources: {Recipe{minecraft:wooden_pickaxe}}> Getting stick x 2 |  -> | 1.1.3. <Crafting 2 sticks: [[stick] x 2]>  |  -> | 1.1.4. <Craft 2x2 Task Recipe{minecraft:stick x 2}: [[stick] x 2]> Collecting materials |  -> | 1.1.5. <Collect Recipe Resources: {Recipe{minecraft:stick x 2}}> Getting planks x 2 |  -> | 1.1.6. <Crafting 2 planks [minecraft:acacia_planks, minecraft:birch_planks, minecraft:crimson_planks, minecraft:dark_oak_planks, minecraft:oak_planks, minecraft:jungle_planks, minecraft:spruce_planks, m... |  -> | 1.1.7. <Mine And Collect: [[acacia_log,birch_log,dark_oak_log,oak_log,jungle_log,spruce_log,acacia_wood,birch_wood,dark_oak_wood,oak_wood,jungle_wood,spruce_wood,stripped_acacia_log,stripped_birch_log,s... |  -> | 1.1.8. <Mining or Collecting> Moving towards closest... |  -> | 1.1.9. <Destroy block at 68, 114, -104> Getting to block... |  -> | 1.1.10. <Getting to block class_2338{x=68, y=114, z=-104}> Tungsten (primary) pathfinding...
  TARGET (68,114,-104) is {'hardness': '2.00', 'replaceable': 'false', 'block': '·Â‚ÌÓ Ú∏ÏÌÓ„Ó ‰Û·‡', 'position': '68, 114, -104', 'id': 'minecraft:dark_oak_log', 'is_air': 'false'}
  RUNNER active=true | Chain: UserTaskChain, priority: 50.0 | Game Menu Chain(on=true,p=-Infinity) UserTaskChain(on=true,p=50.0) Mob Defense(on=true,p=0.0) Death Menu Respawn Handling(on=true,p=-Infinity) Hand Stack Fix Chain(on=true,p=-Infinity) MLG Water Bucket Fall Chain(on=true,p=-Infinity) Unstuck Chain
  t=376s inGame=True hp=20.0 pos=71.5,116.0,-69.7 items=0 busy=True d:pdEnter+447,mqStart+0,mqSteps+0,dbTick+446,rayMiss+0,leafCle+0
  deaths this run: 0 (bench /kill excluded: 0)
  end inv: {'nonEmpty': 0, 'items': 0, 'ids': []}
  queue stats: called=0 deferred=0 inRange=0 clicked=0 noSup=0/0/0 | mqStarted=113 mqSteps=134 mqBack=2 mqTimeout=0 mqTicks=902 step=0/0 pdEnter=7528 pdNotPrim=0 pdPillar=0 pdBridge=0 pdStuck=1 pdWalking=4350 pdNear=0 pdNoGoal=0 pdFinished=0 pdNoVec=0 pdStallWalk=4 pdStallReset=9 pdNearBusy=469 pdNearFind=4 pdPlan=473/1 pdLegacy=0 exArrived=0 exRanOut=4 exSprint=0/0 unknownGoal=- dbTick=7551 dbUnreachMove=4 dbUnreachWater=0 dbUnreachPillager=0 dbNear=0 dbFar=4 dbDistSum=129 dbNearTick=0 noReach=0 air=0 hungry=0 unsafe=0 blockedBy=minecraft:stone dbTargetAir=0 rayLeaves=16 rayOther=7150 rayMiss=330 leafCleared=0 dbBlocked=0/0/0 dbApproachStall=0 dbBestDist=51 dbTargets=20/0 dbReachGoal=0 cgTick=0 cgBig=0 cgInv=0 cgNoScreen=0 cgSent=0 cgOutReady=0 cgLastSent=- cgCraftable=0 cgNotCraftable=0 cgBookOk=0 cgBookNone=0 cgSmall=0 cgScreen=- ciTick=7551 ciCollect=7551 ciReceive=0 ciGrid=0 mdCalls=7555 mdWon=0 mdFlee=0 mdFight=0 mdRet=0/0/0/0/0/0/0/0/0/0 vgCalls=0 vgEdge=0 vgFall=0/0/0/0 rimBack=0 kbThrow=0/0/0/0 kbImp=0/0/0 shIssued=937 shDropped=0 shBlack=0 shThrown=1 gmDisc=0 gmRecSet=0 gmGuard=0 gmConn=0 shLastBlackSlot=-1 slotYeet=0 mqLost=0 mqStatusFail=2 mqRefused=1778(short=0 vetoed=0) mqNoClass=15 mqParkour=0 mqAdmitMismatch=0 qPrep=0/789 blindPrep=0 mqNull=1770 gaveUp=0/0 dc=7551/13/4/0/0 mc=0/0/0/0/0 mcFlight=0 mcSwitch=0 toolSwap=0 recipesKnown=917 wander=0 wanderMoved=0 wanderChk=0/0 wanderFail=0 lavaEsc=0 lavaCond=0/7555 surv=7555/7555 tbl=0/0@0 bs=84/84/157/157@3475ms navUnsafeAir=0 sm=0/0 smWater=0 srch=0/0/0 fallRetry=0/0 drop=15042/0/0 scan=141751/7289/0/0/0/0 navStop=0/0/0 fleeSpot=0/0 lock=0/0/0@- cb=0/0/2/0 avoidSrc=15/0/2/12@pos@DoCraftInTableTask.onTick:312/pos@DoCraftInTableTask.onTick:312 et=65776/65767 sprint=688/789 lowHp=0/0 standOff=0 hurt=0/0/0 hurtWin=10/0 diseng=0/0 ctl=0 cq=0/0/0 los=0/0/0/0 kaTung=0/0/0/0 dte=0/0/0/0/0/0 mdTung=0/0 mdFleeStuck=0 mdFleeShooter=0 mdFar=0/0 arrows=0/0.00/0.00 draws=0/0/0/0.00 band=0/-1 dodgeYield=0 latch=0/0 breakFail=0/0/0/0/0 stranded=0/primary/200@192/primary/200 gp=7555/0/0/0/0 dodgeTask=0/0.00 dealt=0.0/0.0/7569 hitSize=0/0/0/0 takeSize=0/1/0/0 slotSync=0/0 critReset=0 stray=0/0 heldSwing=0 loseKite=0 holdBow=0 punkKept=0 swingHits=0 dodgeDrive=0 hop=0/0/0/0/0/0/0 mdPillarD=0 dmgTaken=3.0 dw=1/3.0/0.00/0.00/0/0 dwNoBlame=1 dmgWhy=0/0/0/0/1@0.0 strafe=0/0 voidEntries=0 voidTicks=0 lastFall=[] hits=0/0/1/0 hitRange=47.29/47.29 mdBow=0 bowShots=0 bowWild=0 bowNoSol=0 bowRestart=0 bowAimTO=0 bowDrawTO=0 bowBestMiss=-1.00 bowFacing=0 bowNoRoom=0 flee=0/0/0/0/0/0 qBurn=0 qTp=2 qNoMove=0 stuck=[-] staleRoot=0 | mvRequested=0 mvCooldown=0 mvNoHit=0 mvClicked=0 mvSteered=99 | gateThrough=1 gateHeld=318 queued=0 queuePlaced=0 entityReleased=0/0 idrop=0/0/0/0 rt=45306/7551/0 entityCloseWalk=0/0/0/0/0/0/0
  recent chat: ['ß2ßlßo[Alto Clef] ßrprimDrive gridBFS sz3 degenfalse d33.9 dy1.0', 'ß2ßlßo[Tungsten] ßrWalker: BFS 3 wp', 'ß2ßlßo[Tungsten] ßrWalker: BFS 3 wp', 'ß2ßlßo[Tungsten] ßrwlk i2/3 d0.2 wp(71,116,-70) g1 j0 yaw7379>3 v(0.00,-0.08,0.00) p(71.5,116.0,-69.7)', 'ß2ßlßo[Tungsten] ßrwlk i2/3 d0.2 wp(71,116,-70) g1 j0 yaw7379>3 v(0.00,-0.08,0.00) p(71.5,116.0,-69.7)', 'ß2ßlßo[Tungsten] ßrPath needs mining: 2 block(s) at segment end', 'ß2ßlßo[Tungsten] ßrPath needs mining: 2 block(s) at segment end', 'ß2ßlßo[Tungsten] ßrAt the wall ó mining without a physics leg', 'ß2ßlßo[Tungsten] ßrAt the wall ó mining without a physics leg', 'ß2ßlßo[Alto Clef] ßrRTGATE targets=[[wooden_pickaxe]] avoid=false dropped=false']

=== RESULTS ===
  responsive polls: 17, busy polls: 17, distinct positions: 14, items gained: 0
  ladder: nothing reached
  client fps (median): 27.0 over 17 samples
  PHASES total=417s rcon=1s(0%) connect=22s(5%) reset=11s(3%) start=5s(1%) watch=378s(91%)
  GAMER_SMOKE: FAIL (or no early progress in window)

=========== RUN 5/40 ===========
[1] wait gamer-server rcon...
  [ok] gamer rcon
[2] connect bot to gamer-server...
  [ok] bot in game (gamer)
  [ok] world loaded (bot has a position)
[2b] reset to a known start (kill -> respawn -> empty -> heal -> day)...
  [ok] bot respawned
  fresh start #13: 892 150 61
  no trees at 892 150 61 (1 logs) ó stepping on
  no trees at 592 150 61 (14 logs) ó stepping on
  start has 185 log blocks within 40
  skipped 2 treeless start(s)
  start pos: 105.5,136.0,-29.5 (pinned)
[3] tungsten-primary (SHIPPED DEFAULT) + @gamer...
  client fps before start: 28.0
  ARM B
  PIN queueParkour=true
  PIN VERIFIED queueParkour=true
  shipped pathing flags: {'tungstenMinSegment': 8, 'tungstenPrimary': True, 'experimentalPathfinding': True, 'ok': True, 'useTungsten': True}
  walker debug: {'r': "{'walkerDebug': True, 'ok': True}"}
  zero counters: {'r': "{'ok': True}"}
  start inv: {'nonEmpty': 0, 'items': 0, 'ids': []}
[4] watching 6.0 min for progress...
  TASK  Current game tasks: Current Baritone executor task list (UserTaskChain task chain) | 1. Main task: <Beating the game (Miran version).> Priority: 400.00, Collecting resource: [[wooden_pickaxe]] | 1.1. Subtasks: <Get catalogued: {[wooden_pickaxe]}: [[wooden_pickaxe]]>  |  -> | 1.1.0. <Doing stuff in crafting_table container: [[wooden_pickaxe]]>  |  -> | 1.1.1. <Doing stuff in crafting_table container>  |  -> | 1.1.2. <Collect Recipe Resources: {Recipe{minecraft:wooden_pickaxe}}> Getting stick x 2 |  -> | 1.1.3. <Crafting 2 sticks: [[stick] x 2]>  |  -> | 1.1.4. <Craft 2x2 Task Recipe{minecraft:stick x 2}: [[stick] x 2]> Collecting materials |  -> | 1.1.5. <Collect Recipe Resources: {Recipe{minecraft:stick x 2}}> Getting planks x 2 |  -> | 1.1.6. <Crafting 2 planks [minecraft:acacia_planks, minecraft:birch_planks, minecraft:crimson_planks, minecraft:dark_oak_planks, minecraft:oak_planks, minecraft:jungle_planks, minecraft:spruce_planks, m... |  -> | 1.1.7. <Mine And Collect: [[acacia_log,birch_log,dark_oak_log,oak_log,jungle_log,spruce_log,acacia_wood,birch_wood,dark_oak_wood,oak_wood,jungle_wood,spruce_wood,stripped_acacia_log,stripped_birch_log,s... |  -> | 1.1.8. <Mining or Collecting> Retrying old heuristic! |  -> | 1.1.9. <Destroy block at 71, 123, -77> Getting to block... |  -> | 1.1.10. <Getting to block class_2338{x=71, y=123, z=-77}> Tungsten (primary) walking terrain...
  TARGET (71,123,-77) is {'hardness': '2.00', 'replaceable': 'false', 'block': '·Â‚ÌÓ Ú∏ÏÌÓ„Ó ‰Û·‡', 'position': '71, 123, -77', 'id': 'minecraft:dark_oak_log', 'is_air': 'false'}
  RUNNER active=true | Chain: UserTaskChain, priority: 50.0 | Game Menu Chain(on=true,p=-Infinity) UserTaskChain(on=true,p=50.0) Mob Defense(on=true,p=0.0) Death Menu Respawn Handling(on=true,p=-Infinity) Hand Stack Fix Chain(on=true,p=-Infinity) MLG Water Bucket Fall Chain(on=true,p=-Infinity) Unstuck Chain
  t=22s inGame=True hp=20.0 pos=70.5,120.5,-68.0 items=0 busy=True d:pdEnter+390,mqStart+7,mqSteps+40,dbTick+449,rayMiss+327,leafCle+0
  TASK  Current game tasks: Current Baritone executor task list (UserTaskChain task chain) | 1. Main task: <Beating the game (Miran version).> Priority: 400.00, Collecting resource: [[wooden_pickaxe]] | 1.1. Subtasks: <Get catalogued: {[wooden_pickaxe]}: [[wooden_pickaxe]]>  |  -> | 1.1.0. <Doing stuff in crafting_table container: [[wooden_pickaxe]]>  |  -> | 1.1.1. <Doing stuff in crafting_table container>  |  -> | 1.1.2. <Collect Recipe Resources: {Recipe{minecraft:wooden_pickaxe}}> Getting stick x 2 |  -> | 1.1.3. <Crafting 2 sticks: [[stick] x 2]>  |  -> | 1.1.4. <Craft 2x2 Task Recipe{minecraft:stick x 2}: [[stick] x 2]> Collecting materials |  -> | 1.1.5. <Collect Recipe Resources: {Recipe{minecraft:stick x 2}}> Getting planks x 2 |  -> | 1.1.6. <Crafting 2 planks [minecraft:acacia_planks, minecraft:birch_planks, minecraft:crimson_planks, minecraft:dark_oak_planks, minecraft:oak_planks, minecraft:jungle_planks, minecraft:spruce_planks, m... |  -> | 1.1.7. <Mine And Collect: [[acacia_log,birch_log,dark_oak_log,oak_log,jungle_log,spruce_log,acacia_wood,birch_wood,dark_oak_wood,oak_wood,jungle_wood,spruce_wood,stripped_acacia_log,stripped_birch_log,s... |  -> | 1.1.8. <Mining or Collecting> Retrying old heuristic! |  -> | 1.1.9. <Destroy block at 70, 123, -77> Getting to block... |  -> | 1.1.10. <Getting to block class_2338{x=70, y=123, z=-77}> Tungsten (primary) walking terrain...
  TARGET (70,123,-77) is {'hardness': '2.00', 'replaceable': 'false', 'block': '·Â‚ÌÓ Ú∏ÏÌÓ„Ó ‰Û·‡', 'position': '70, 123, -77', 'id': 'minecraft:dark_oak_log', 'is_air': 'false'}
  RUNNER active=true | Chain: UserTaskChain, priority: 50.0 | Game Menu Chain(on=true,p=-Infinity) UserTaskChain(on=true,p=50.0) Mob Defense(on=true,p=0.0) Death Menu Respawn Handling(on=true,p=-Infinity) Hand Stack Fix Chain(on=true,p=-Infinity) MLG Water Bucket Fall Chain(on=true,p=-Infinity) Unstuck Chain
  t=44s inGame=True hp=20.0 pos=69.7,120.0,-71.7 items=0 busy=True d:pdEnter+453,mqStart+3,mqSteps+0,dbTick+451,rayMiss+0,leafCle+0
  RUNNER active=true | Chain: UserTaskChain, priority: 50.0 | Game Menu Chain(on=true,p=-Infinity) UserTaskChain(on=true,p=50.0) Mob Defense(on=true,p=0.0) Death Menu Respawn Handling(on=true,p=-Infinity) Hand Stack Fix Chain(on=true,p=-Infinity) MLG Water Bucket Fall Chain(on=true,p=-Infinity) Unstuck Chain
  t=66s inGame=True hp=20.0 pos=69.7,120.0,-71.7 items=0 busy=True d:pdEnter+445,mqStart+4,mqSteps+0,dbTick+441,rayMiss+0,leafCle+0
  RUNNER active=true | Chain: UserTaskChain, priority: 50.0 | Game Menu Chain(on=true,p=-Infinity) UserTaskChain(on=true,p=50.0) Mob Defense(on=true,p=0.0) Death Menu Respawn Handling(on=true,p=-Infinity) Hand Stack Fix Chain(on=true,p=-Infinity) MLG Water Bucket Fall Chain(on=true,p=-Infinity) Unstuck Chain
  t=88s inGame=True hp=20.0 pos=69.7,120.0,-71.7 items=0 busy=True d:pdEnter+440,mqStart+4,mqSteps+0,dbTick+438,rayMiss+0,leafCle+0
  RUNNER active=true | Chain: UserTaskChain, priority: 50.0 | Game Menu Chain(on=true,p=-Infinity) UserTaskChain(on=true,p=50.0) Mob Defense(on=true,p=0.0) Death Menu Respawn Handling(on=true,p=-Infinity) Hand Stack Fix Chain(on=true,p=-Infinity) MLG Water Bucket Fall Chain(on=true,p=-Infinity) Unstuck Chain
  STALLED: position unchanged for 3 polls at 69.7,120.0,-71.7
  stall evidence written to C:\repos\pet\unionclef\deploy\runner\freezes\stall_run5.txt
  t=112s inGame=True hp=20.0 pos=69.7,120.0,-71.7 items=0 busy=True d:pdEnter+443,mqStart+3,mqSteps+0,dbTick+440,rayMiss+0,leafCle+0
  RUNNER active=true | Chain: UserTaskChain, priority: 50.0 | Game Menu Chain(on=true,p=-Infinity) UserTaskChain(on=true,p=50.0) Mob Defense(on=true,p=0.0) Death Menu Respawn Handling(on=true,p=-Infinity) Hand Stack Fix Chain(on=true,p=-Infinity) MLG Water Bucket Fall Chain(on=true,p=-Infinity) Unstuck Chain
  t=134s inGame=True hp=20.0 pos=69.7,120.0,-71.7 items=0 busy=True d:pdEnter+479,mqStart+4,mqSteps+0,dbTick+475,rayMiss+0,leafCle+0
  RUNNER active=true | Chain: UserTaskChain, priority: 50.0 | Game Menu Chain(on=true,p=-Infinity) UserTaskChain(on=true,p=50.0) Mob Defense(on=true,p=0.0) Death Menu Respawn Handling(on=true,p=-Infinity) Hand Stack Fix Chain(on=true,p=-Infinity) MLG Water Bucket Fall Chain(on=true,p=-Infinity) Unstuck Chain
  LADDER STALLED: no new rung for 150s (last: -)
  stall evidence written to C:\repos\pet\unionclef\deploy\runner\freezes\stall_run5_ladder.txt
  t=158s inGame=True hp=20.0 pos=69.7,120.0,-71.7 items=0 busy=True d:pdEnter+444,mqStart+4,mqSteps+0,dbTick+442,rayMiss+0,leafCle+0
  RUNNER active=true | Chain: UserTaskChain, priority: 50.0 | Game Menu Chain(on=true,p=-Infinity) UserTaskChain(on=true,p=50.0) Mob Defense(on=true,p=0.0) Death Menu Respawn Handling(on=true,p=-Infinity) Hand Stack Fix Chain(on=true,p=-Infinity) MLG Water Bucket Fall Chain(on=true,p=-Infinity) Unstuck Chain
  t=180s inGame=True hp=20.0 pos=69.7,120.0,-71.7 items=0 busy=True d:pdEnter+475,mqStart+4,mqSteps+0,dbTick+471,rayMiss+0,leafCle+0
  RUNNER active=true | Chain: UserTaskChain, priority: 50.0 | Game Menu Chain(on=true,p=-Infinity) UserTaskChain(on=true,p=50.0) Mob Defense(on=true,p=0.0) Death Menu Respawn Handling(on=true,p=-Infinity) Hand Stack Fix Chain(on=true,p=-Infinity) MLG Water Bucket Fall Chain(on=true,p=-Infinity) Unstuck Chain
  t=202s inGame=True hp=20.0 pos=69.7,120.0,-71.7 items=0 busy=True d:pdEnter+438,mqStart+3,mqSteps+0,dbTick+436,rayMiss+0,leafCle+0
  RUNNER active=true | Chain: UserTaskChain, priority: 50.0 | Game Menu Chain(on=true,p=-Infinity) UserTaskChain(on=true,p=50.0) Mob Defense(on=true,p=0.0) Death Menu Respawn Handling(on=true,p=-Infinity) Hand Stack Fix Chain(on=true,p=-Infinity) MLG Water Bucket Fall Chain(on=true,p=-Infinity) Unstuck Chain
  t=224s inGame=True hp=20.0 pos=69.7,120.0,-71.7 items=0 busy=True d:pdEnter+445,mqStart+4,mqSteps+0,dbTick+441,rayMiss+0,leafCle+0
  RUNNER active=true | Chain: UserTaskChain, priority: 50.0 | Game Menu Chain(on=true,p=-Infinity) UserTaskChain(on=true,p=50.0) Mob Defense(on=true,p=0.0) Death Menu Respawn Handling(on=true,p=-Infinity) Hand Stack Fix Chain(on=true,p=-Infinity) MLG Water Bucket Fall Chain(on=true,p=-Infinity) Unstuck Chain
  t=246s inGame=True hp=20.0 pos=69.7,120.0,-71.7 items=0 busy=True d:pdEnter+445,mqStart+4,mqSteps+0,dbTick+442,rayMiss+0,leafCle+0
  RUNNER active=true | Chain: UserTaskChain, priority: 50.0 | Game Menu Chain(on=true,p=-Infinity) UserTaskChain(on=true,p=50.0) Mob Defense(on=true,p=0.0) Death Menu Respawn Handling(on=true,p=-Infinity) Hand Stack Fix Chain(on=true,p=-Infinity) MLG Water Bucket Fall Chain(on=true,p=-Infinity) Unstuck Chain
  t=268s inGame=True hp=20.0 pos=69.7,120.0,-71.7 items=0 busy=True d:pdEnter+441,mqStart+3,mqSteps+0,dbTick+438,rayMiss+0,leafCle+0
  RUNNER active=true | Chain: UserTaskChain, priority: 50.0 | Game Menu Chain(on=true,p=-Infinity) UserTaskChain(on=true,p=50.0) Mob Defense(on=true,p=0.0) Death Menu Respawn Handling(on=true,p=-Infinity) Hand Stack Fix Chain(on=true,p=-Infinity) MLG Water Bucket Fall Chain(on=true,p=-Infinity) Unstuck Chain
  t=289s inGame=True hp=20.0 pos=69.7,120.0,-71.7 items=0 busy=True d:pdEnter+442,mqStart+4,mqSteps+0,dbTick+439,rayMiss+0,leafCle+0
  RUNNER active=true | Chain: UserTaskChain, priority: 50.0 | Game Menu Chain(on=true,p=-Infinity) UserTaskChain(on=true,p=50.0) Mob Defense(on=true,p=0.0) Death Menu Respawn Handling(on=true,p=-Infinity) Hand Stack Fix Chain(on=true,p=-Infinity) MLG Water Bucket Fall Chain(on=true,p=-Infinity) Unstuck Chain
  t=311s inGame=True hp=20.0 pos=69.7,120.0,-71.7 items=0 busy=True d:pdEnter+403,mqStart+3,mqSteps+0,dbTick+400,rayMiss+0,leafCle+0
  RUNNER active=true | Chain: UserTaskChain, priority: 50.0 | Game Menu Chain(on=true,p=-Infinity) UserTaskChain(on=true,p=50.0) Mob Defense(on=true,p=0.0) Death Menu Respawn Handling(on=true,p=-Infinity) Hand Stack Fix Chain(on=true,p=-Infinity) MLG Water Bucket Fall Chain(on=true,p=-Infinity) Unstuck Chain
  t=333s inGame=True hp=20.0 pos=69.7,120.0,-71.7 items=0 busy=True d:pdEnter+442,mqStart+4,mqSteps+0,dbTick+439,rayMiss+0,leafCle+0
  RUNNER active=true | Chain: UserTaskChain, priority: 50.0 | Game Menu Chain(on=true,p=-Infinity) UserTaskChain(on=true,p=50.0) Mob Defense(on=true,p=0.0) Death Menu Respawn Handling(on=true,p=-Infinity) Hand Stack Fix Chain(on=true,p=-Infinity) MLG Water Bucket Fall Chain(on=true,p=-Infinity) Unstuck Chain
  t=355s inGame=True hp=20.0 pos=69.7,120.0,-71.7 items=0 busy=True d:pdEnter+443,mqStart+3,mqSteps+0,dbTick+440,rayMiss+0,leafCle+0
  RUNNER active=true | Chain: UserTaskChain, priority: 50.0 | Game Menu Chain(on=true,p=-Infinity) UserTaskChain(on=true,p=50.0) Mob Defense(on=true,p=0.0) Death Menu Respawn Handling(on=true,p=-Infinity) Hand Stack Fix Chain(on=true,p=-Infinity) MLG Water Bucket Fall Chain(on=true,p=-Infinity) Unstuck Chain
  t=377s inGame=True hp=20.0 pos=69.7,120.0,-71.7 items=0 busy=True d:pdEnter+441,mqStart+4,mqSteps+0,dbTick+438,rayMiss+0,leafCle+0
  deaths this run: 0 (bench /kill excluded: 0)
  end inv: {'nonEmpty': 0, 'items': 0, 'ids': []}
  queue stats: called=0 deferred=0 inRange=0 clicked=0 noSup=0/0/0 | mqStarted=65 mqSteps=40 mqBack=0 mqTimeout=0 mqTicks=7406 step=0/2 pdEnter=7527 pdNotPrim=0 pdPillar=0 pdBridge=0 pdStuck=23 pdWalking=77 pdNear=0 pdNoGoal=0 pdFinished=0 pdNoVec=0 pdStallWalk=0 pdStallReset=70 pdNearBusy=0 pdNearFind=0 pdPlan=0/0 pdLegacy=0 exArrived=0 exRanOut=0 exSprint=0/0 unknownGoal=- dbTick=7538 dbUnreachMove=0 dbUnreachWater=0 dbUnreachPillager=0 dbNear=0 dbFar=0 dbDistSum=0 dbNearTick=0 noReach=0 air=0 hungry=0 unsafe=0 blockedBy=minecraft:mushroom_stem dbTargetAir=0 rayLeaves=12 rayOther=7129 rayMiss=327 leafCleared=0 dbBlocked=0/0/0 dbApproachStall=0 dbBestDist=53 dbTargets=11/0 dbReachGoal=0 cgTick=0 cgBig=0 cgInv=0 cgNoScreen=0 cgSent=0 cgOutReady=0 cgLastSent=- cgCraftable=0 cgNotCraftable=0 cgBookOk=0 cgBookNone=0 cgSmall=0 cgScreen=- ciTick=7538 ciCollect=7538 ciReceive=0 ciGrid=0 mdCalls=7538 mdWon=0 mdFlee=0 mdFight=0 mdRet=0/0/0/0/0/0/0/0/0/0 vgCalls=0 vgEdge=0 vgFall=0/0/0/0 rimBack=0 kbThrow=0/0/0/0 kbImp=0/0/0 shIssued=936 shDropped=0 shBlack=0 shThrown=0 gmDisc=0 gmRecSet=0 gmGuard=0 gmConn=0 shLastBlackSlot=-1 slotYeet=0 mqLost=0 mqStatusFail=0 mqRefused=1(short=0 vetoed=0) mqNoClass=3 mqParkour=4 mqAdmitMismatch=0 qPrep=0/7342 blindPrep=0 mqNull=0 gaveUp=0/0 dc=7538/11/1/0/0 mc=0/0/0/0/0 mcFlight=0 mcSwitch=0 toolSwap=0 recipesKnown=917 wander=0 wanderMoved=0 wanderChk=0/0 wanderFail=0 lavaEsc=0 lavaCond=0/7538 surv=7538/7538 tbl=0/0@0 bs=80/80/157/157@3635ms navUnsafeAir=0 sm=0/0 smWater=0 srch=0/0/0 fallRetry=0/0 drop=15016/0/0 scan=114344/0/0/0/0/0 navStop=0/0/0 fleeSpot=0/0 lock=0/0/0@- cb=0/0/2/0 avoidSrc=0/0/2/6@pos@DoCraftInTableTask.onTick:312/pos@DoCraftInTableTask.onTick:312 et=27678/27673 sprint=126/7342 lowHp=0/0 standOff=0 hurt=0/0/0 hurtWin=0/0 diseng=0/0 ctl=0 cq=0/0/0 los=0/0/0/0 kaTung=0/0/0/0 dte=0/0/0/0/0/0 mdTung=0/0 mdFleeStuck=0 mdFleeShooter=0 mdFar=0/0 arrows=0/0.00/0.00 draws=0/0/0/0.00 band=0/-1 dodgeYield=0 latch=0/0 breakFail=0/0/0/0/0 stranded=0/primary/200@45/primary/200 gp=7538/0/0/0/0 dodgeTask=0/0.00 dealt=0.0/0.0/7553 hitSize=0/0/0/0 takeSize=0/0/0/0 slotSync=0/0 critReset=0 stray=0/0 heldSwing=0 loseKite=0 holdBow=0 punkKept=0 swingHits=0 dodgeDrive=0 hop=0/0/0/0/0/0/0 mdPillarD=0 dmgTaken=0.0 dw=0/0.0/0.00/0.00/0/0 dwNoBlame=0 dmgWhy=0/0/0/0/0@0.0 strafe=0/0 voidEntries=0 voidTicks=0 lastFall=[] hits=0/0/0/0 hitRange=0.00/0.00 mdBow=0 bowShots=0 bowWild=0 bowNoSol=0 bowRestart=0 bowAimTO=0 bowDrawTO=0 bowBestMiss=-1.00 bowFacing=0 bowNoRoom=0 flee=0/0/0/0/0/0 qBurn=0 qTp=2 qNoMove=58 stuck=[on:grass_block in:air head:air go:EN- sneak:n fwd:Y spr:n Diagonal/RUNNING/idx0of2;on:grass_block in:air head:air go:EN- sneak:n fwd:Y spr:n Diagonal/RUNNING/idx0of2;on:grass_block in:air head:air go:EN- sneak:n fwd:Y spr:n Diagonal/RUNNING/idx0of2;on:grass_block in:air head:air go:EN- sneak:n fwd:Y spr:n Diagonal/RUNNING/idx0of2] staleRoot=0 | mvRequested=0 mvCooldown=0 mvNoHit=0 mvClicked=0 mvSteered=145 | gateThrough=1 gateHeld=318 queued=0 queuePlaced=0 entityReleased=0/0 idrop=0/0/0/0 rt=45228/7538/0 entityCloseWalk=0/0/0/0/0/0/0
  recent chat: ['ß2ßlßo[Alto Clef] ßrprimDrive gridBFS sz3 degenfalse d7.7 dy6.0', 'ß2ßlßo[Alto Clef] ßrprimDrive gridBFS sz3 degenfalse d7.7 dy6.0', 'ß2ßlßo[Alto Clef] ßrprimDrive gridBFS sz3 degenfalse d7.7 dy6.0', 'ß2ßlßo[Alto Clef] ßrprimDrive gridBFS sz3 degenfalse d7.7 dy6.0', 'ß2ßlßo[Alto Clef] ßrprimDrive gridBFS sz3 degenfalse d7.7 dy6.0', 'ß2ßlßo[Alto Clef] ßrprimDrive gridBFS sz3 degenfalse d7.7 dy6.0', 'ß2ßlßo[Alto Clef] ßrprimDrive gridBFS sz3 degenfalse d7.7 dy6.0', 'ß2ßlßo[Alto Clef] ßrprimDrive gridBFS sz3 degenfalse d7.7 dy6.0', 'ß2ßlßo[Alto Clef] ßrprimDrive gridBFS sz3 degenfalse d7.7 dy6.0', 'ß2ßlßo[Alto Clef] ßrprimDrive gridBFS sz3 degenfalse d7.7 dy6.0']

=== RESULTS ===
  responsive polls: 17, busy polls: 17, distinct positions: 2, items gained: 0
  ladder: nothing reached
  client fps (median): 25.0 over 17 samples
  PHASES total=425s rcon=1s(0%) connect=22s(5%) reset=18s(4%) start=5s(1%) watch=379s(89%)
  GAMER_SMOKE: FAIL (or no early progress in window)

=========== RUN 6/40 ===========
[1] wait gamer-server rcon...
  [ok] gamer rcon
[2] connect bot to gamer-server...
  [ok] bot in game (gamer)
  [ok] world loaded (bot has a position)
[2b] reset to a known start (kill -> respawn -> empty -> heal -> day)...
  [ok] bot respawned
  fresh start #16: -8 150 61
  no trees at -8 150 61 (0 logs) ó stepping on
  start has 77 log blocks within 40
  skipped 1 treeless start(s)
  start pos: -7.5,60.0,-238.5 (pinned)
[3] tungsten-primary (SHIPPED DEFAULT) + @gamer...
  client fps before start: 29.0
  ARM A
  PIN queueParkour=false
  PIN VERIFIED queueParkour=false
  shipped pathing flags: {'tungstenMinSegment': 8, 'tungstenPrimary': True, 'experimentalPathfinding': True, 'ok': True, 'useTungsten': True}
  walker debug: {'r': "{'walkerDebug': True, 'ok': True}"}
  zero counters: {'r': "{'ok': True}"}
  start inv: {'nonEmpty': 0, 'items': 0, 'ids': []}
[4] watching 6.0 min for progress...
  TASK version).> Priority: 400.00, Collecting resource: [[wooden_pickaxe]] | 1.1. Subtasks: <Get catalogued: {[wooden_pickaxe]}: [[wooden_pickaxe]]>  |  -> | 1.1.0. <Doing stuff in crafting_table container: [[wooden_pickaxe]]>  |  -> | 1.1.1. <Doing stuff in crafting_table container>  |  -> | 1.1.2. <Collect Recipe Resources: {Recipe{minecraft:wooden_pickaxe}}> Getting stick x 2 |  -> | 1.1.3. <Crafting 2 sticks: [[stick] x 2]>  |  -> | 1.1.4. <Craft 2x2 Task Recipe{minecraft:stick x 2}: [[stick] x 2]> Collecting materials |  -> | 1.1.5. <Collect Recipe Resources: {Recipe{minecraft:stick x 2}}> Getting planks x 2 |  -> | 1.1.6. <Crafting 2 planks [minecraft:acacia_planks, minecraft:birch_planks, minecraft:crimson_planks, minecraft:dark_oak_planks, minecraft:oak_planks, minecraft:jungle_planks, minecraft:spruce_planks, m... |  -> | 1.1.7. <Mine And Collect: [[acacia_log,birch_log,dark_oak_log,oak_log,jungle_log,spruce_log,acacia_wood,birch_wood,dark_oak_wood,oak_wood,jungle_wood,spruce_wood,stripped_acacia_log,stripped_birch_log,s... |  -> | 1.1.8. <Mining or Collecting> Trying out NEW pursuit |  -> | 1.1.9. <Pickup Dropped Items: [[acacia_log,birch_log,dark_oak_log,oak_log,jungle_log,spruce_log,acacia_wood,birch_wood,dark_oak_wood,oak_wood,jungle_wood,spruce_wood,stripped_acacia_log,stripped_birch_l... |  -> | 1.1.10. <Approach entity entity.minecraft.item> Tungsten locked (27s left)
  RUNNER active=true | Chain: UserTaskChain, priority: 50.0 | Game Menu Chain(on=true,p=-Infinity) UserTaskChain(on=true,p=50.0) Mob Defense(on=true,p=0.0) Death Menu Respawn Handling(on=true,p=-Infinity) Hand Stack Fix Chain(on=true,p=-Infinity) MLG Water Bucket Fall Chain(on=true,p=-Infinity) Unstuck Chain
  t=22s inGame=True hp=20.0 pos=-9.5,62.0,-249.5 items=0 busy=True d:pdEnter+280,mqStart+4,mqSteps+25,dbTick+387,rayMiss+280,leafCle+0
  TASK Description of current game pipeline that is selected: Current game tasks: Current Baritone executor task list (UserTaskChain task chain) | 1. Main task: <Beating the game (Miran version).> Priority: 400.00, Collecting resource: [[wooden_pickaxe]] | 1.1. Subtasks: <Get catalogued: {[wooden_pickaxe]}: [[wooden_pickaxe]]>  |  -> | 1.1.0. <Doing stuff in crafting_table container: [[wooden_pickaxe]]>  |  -> | 1.1.1. <Doing stuff in crafting_table container>  |  -> | 1.1.2. <Collect Recipe Resources: {Recipe{minecraft:wooden_pickaxe}}> Getting stick x 2 |  -> | 1.1.3. <Crafting 2 sticks: [[stick] x 2]>  |  -> | 1.1.4. <Craft 2x2 Task Recipe{minecraft:stick x 2}: [[stick] x 2]> Collecting materials |  -> | 1.1.5. <Collect Recipe Resources: {Recipe{minecraft:stick x 2}}> Getting planks x 2 |  -> | 1.1.6. <Crafting 2 planks [minecraft:acacia_planks, minecraft:birch_planks, minecraft:crimson_planks, minecraft:dark_oak_planks, minecraft:oak_planks, minecraft:jungle_planks, minecraft:spruce_planks, m... |  -> | 1.1.7. <Mine And Collect: [[acacia_log,birch_log,dark_oak_log,oak_log,jungle_log,spruce_log,acacia_wood,birch_wood,dark_oak_wood,oak_wood,jungle_wood,spruce_wood,stripped_acacia_log,stripped_birch_log,s... |  -> | 1.1.8. <Mining or Collecting> Trying out NEW pursuit |  -> | 1.1.9. <Destroy block at -9, 67, -252> Block in range, mining...
  TARGET (-9,67,-252) is {'hardness': '2.00', 'replaceable': 'false', 'block': '·Â‚ÌÓ Ú∏ÏÌÓ„Ó ‰Û·‡', 'position': '-9, 67, -252', 'id': 'minecraft:dark_oak_log', 'is_air': 'false'}
  RUNNER active=true | Chain: UserTaskChain, priority: 50.0 | Game Menu Chain(on=true,p=-Infinity) UserTaskChain(on=true,p=50.0) Mob Defense(on=true,p=0.0) Death Menu Respawn Handling(on=true,p=-Infinity) Hand Stack Fix Chain(on=true,p=-Infinity) MLG Water Bucket Fall Chain(on=true,p=-Infinity) Unstuck Chain
  t=44s inGame=True hp=20.0 pos=-11.5,62.0,-251.0 items=0 busy=True d:pdEnter+0,mqStart+0,mqSteps+0,dbTick+41,rayMiss+0,leafCle+0
  TASK Description of current game pipeline that is selected: Current game tasks: Current Baritone executor task list (UserTaskChain task chain) | 1. Main task: <Beating the game (Miran version).> Priority: 400.00, Collecting resource: [[wooden_pickaxe]] | 1.1. Subtasks: <Get catalogued: {[wooden_pickaxe]}: [[wooden_pickaxe]]>  |  -> | 1.1.0. <Doing stuff in crafting_table container: [[wooden_pickaxe]]>  |  -> | 1.1.1. <Doing stuff in crafting_table container>  |  -> | 1.1.2. <Collect Recipe Resources: {Recipe{minecraft:wooden_pickaxe}}> Getting planks x 3 |  -> | 1.1.3. <Crafting 3 planks [minecraft:acacia_planks, minecraft:birch_planks, minecraft:crimson_planks, minecraft:dark_oak_planks, minecraft:oak_planks, minecraft:jungle_planks, minecraft:spruce_planks, m... |  -> | 1.1.4. <Mine And Collect: [[acacia_log,birch_log,dark_oak_log,oak_log,jungle_log,spruce_log,acacia_wood,birch_wood,dark_oak_wood,oak_wood,jungle_wood,spruce_wood,stripped_acacia_log,stripped_birch_log,s... |  -> | 1.1.5. <Mining or Collecting> Trying out NEW pursuit |  -> | 1.1.6. <Pickup Dropped Items: [[acacia_log,birch_log,dark_oak_log,oak_log,jungle_log,spruce_log,acacia_wood,birch_wood,dark_oak_wood,oak_wood,jungle_wood,spruce_wood,stripped_acacia_log,stripped_birch_l... |  -> | 1.1.7. <Wander for 5.0 blocks> Exploring.
  RUNNER active=true | Chain: UserTaskChain, priority: 50.0 | Game Menu Chain(on=true,p=-Infinity) UserTaskChain(on=true,p=50.0) Mob Defense(on=true,p=0.0) Death Menu Respawn Handling(on=true,p=-Infinity) Hand Stack Fix Chain(on=true,p=-Infinity) MLG Water Bucket Fall Chain(on=true,p=-Infinity) Unstuck Chain
  RUNG 'first craft' at 66.0s
  t=66s inGame=True hp=20.0 pos=-11.3,62.0,-251.6 items=6 busy=True d:pdEnter+0,mqStart+0,mqSteps+0,dbTick+94,rayMiss+0,leafCle+0
  TASK Description of current game pipeline that is selected: Current game tasks: Current Baritone executor task list (UserTaskChain task chain) | 1. Main task: <Beating the game (Miran version).> Priority: 400.00, Collecting resource: [[wooden_pickaxe]] | 1.1. Subtasks: <Get catalogued: {[wooden_pickaxe]}: [[wooden_pickaxe]]>  |  -> | 1.1.0. <Doing stuff in crafting_table container: [[wooden_pickaxe]]>  |  -> | 1.1.1. <Doing stuff in crafting_table container>  |  -> | 1.1.2. <Collect Recipe Resources: {Recipe{minecraft:wooden_pickaxe}}> Getting planks x 3 |  -> | 1.1.3. <Crafting 3 planks [minecraft:acacia_planks, minecraft:birch_planks, minecraft:crimson_planks, minecraft:dark_oak_planks, minecraft:oak_planks, minecraft:jungle_planks, minecraft:spruce_planks, m... |  -> | 1.1.4. <Mine And Collect: [[acacia_log,birch_log,dark_oak_log,oak_log,jungle_log,spruce_log,acacia_wood,birch_wood,dark_oak_wood,oak_wood,jungle_wood,spruce_wood,stripped_acacia_log,stripped_birch_log,s... |  -> | 1.1.5. <Mining or Collecting> Trying out NEW pursuit |  -> | 1.1.6. <Destroy block at -17, 68, -275> Getting to block... |  -> | 1.1.7. <Getting to block class_2338{x=-17, y=68, z=-275}> Tungsten (primary) walking terrain...
  TARGET (-17,68,-275) is {'hardness': '2.00', 'replaceable': 'false', 'block': '‰Û·Ó‚ÓÂ ·Â‚ÌÓ', 'position': '-17, 68, -275', 'id': 'minecraft:oak_log', 'is_air': 'false'}
  RUNNER active=true | Chain: UserTaskChain, priority: 50.0 | Game Menu Chain(on=true,p=-Infinity) UserTaskChain(on=true,p=50.0) Mob Defense(on=true,p=0.0) Death Menu Respawn Handling(on=true,p=-Infinity) Hand Stack Fix Chain(on=true,p=-Infinity) MLG Water Bucket Fall Chain(on=true,p=-Infinity) Unstuck Chain
  t=88s inGame=True hp=20.0 pos=-20.5,61.6,-266.8 items=6 busy=True d:pdEnter+108,mqStart+2,mqSteps+11,dbTick+108,rayMiss+108,leafCle+0
  RUNNER active=true | Chain: UserTaskChain, priority: 50.0 | Game Menu Chain(on=true,p=-Infinity) UserTaskChain(on=true,p=50.0) Mob Defense(on=true,p=0.0) Death Menu Respawn Handling(on=true,p=-Infinity) Hand Stack Fix Chain(on=true,p=-Infinity) MLG Water Bucket Fall Chain(on=true,p=-Infinity) Unstuck Chain
  t=110s inGame=True hp=20.0 pos=-20.3,62.0,-270.7 items=6 busy=True d:pdEnter+439,mqStart+0,mqSteps+0,dbTick+438,rayMiss+438,leafCle+0
  RUNNER active=true | Chain: UserTaskChain, priority: 50.0 | Game Menu Chain(on=true,p=-Infinity) UserTaskChain(on=true,p=50.0) Mob Defense(on=true,p=0.0) Death Menu Respawn Handling(on=true,p=-Infinity) Hand Stack Fix Chain(on=true,p=-Infinity) MLG Water Bucket Fall Chain(on=true,p=-Infinity) Unstuck Chain
  t=132s inGame=True hp=20.0 pos=-20.3,62.0,-270.2 items=6 busy=True d:pdEnter+441,mqStart+0,mqSteps+0,dbTick+439,rayMiss+439,leafCle+0
  RUNNER active=true | Chain: UserTaskChain, priority: 50.0 | Game Menu Chain(on=true,p=-Infinity) UserTaskChain(on=true,p=50.0) Mob Defense(on=true,p=0.0) Death Menu Respawn Handling(on=true,p=-Infinity) Hand Stack Fix Chain(on=true,p=-Infinity) MLG Water Bucket Fall Chain(on=true,p=-Infinity) Unstuck Chain
  t=154s inGame=True hp=20.0 pos=-20.8,62.0,-270.5 items=6 busy=True d:pdEnter+440,mqStart+0,mqSteps+0,dbTick+439,rayMiss+439,leafCle+0
  RUNNER active=true | Chain: UserTaskChain, priority: 50.0 | Game Menu Chain(on=true,p=-Infinity) UserTaskChain(on=true,p=50.0) Mob Defense(on=true,p=0.0) Death Menu Respawn Handling(on=true,p=-Infinity) Hand Stack Fix Chain(on=true,p=-Infinity) MLG Water Bucket Fall Chain(on=true,p=-Infinity) Unstuck Chain
  t=176s inGame=True hp=20.0 pos=-20.9,62.0,-270.3 items=6 busy=True d:pdEnter+443,mqStart+0,mqSteps+0,dbTick+441,rayMiss+441,leafCle+0
  RUNNER active=true | Chain: UserTaskChain, priority: 50.0 | Game Menu Chain(on=true,p=-Infinity) UserTaskChain(on=true,p=50.0) Mob Defense(on=true,p=0.0) Death Menu Respawn Handling(on=true,p=-Infinity) Hand Stack Fix Chain(on=true,p=-Infinity) MLG Water Bucket Fall Chain(on=true,p=-Infinity) Unstuck Chain
  t=198s inGame=True hp=20.0 pos=-20.4,62.1,-270.4 items=6 busy=True d:pdEnter+440,mqStart+0,mqSteps+0,dbTick+439,rayMiss+439,leafCle+0
  RUNNER active=true | Chain: UserTaskChain, priority: 50.0 | Game Menu Chain(on=true,p=-Infinity) UserTaskChain(on=true,p=50.0) Mob Defense(on=true,p=0.0) Death Menu Respawn Handling(on=true,p=-Infinity) Hand Stack Fix Chain(on=true,p=-Infinity) MLG Water Bucket Fall Chain(on=true,p=-Infinity) Unstuck Chain
  LADDER STALLED: no new rung for 150s (last: first craft)
  stall evidence written to C:\repos\pet\unionclef\deploy\runner\freezes\stall_run6_ladder.txt
  t=222s inGame=True hp=20.0 pos=-20.4,62.0,-270.1 items=6 busy=True d:pdEnter+441,mqStart+0,mqSteps+0,dbTick+439,rayMiss+439,leafCle+0
  RUNNER active=true | Chain: UserTaskChain, priority: 50.0 | Game Menu Chain(on=true,p=-Infinity) UserTaskChain(on=true,p=50.0) Mob Defense(on=true,p=0.0) Death Menu Respawn Handling(on=true,p=-Infinity) Hand Stack Fix Chain(on=true,p=-Infinity) MLG Water Bucket Fall Chain(on=true,p=-Infinity) Unstuck Chain
  t=244s inGame=True hp=20.0 pos=-20.5,62.0,-270.1 items=6 busy=True d:pdEnter+471,mqStart+0,mqSteps+0,dbTick+469,rayMiss+469,leafCle+0
  RUNNER active=true | Chain: UserTaskChain, priority: 50.0 | Game Menu Chain(on=true,p=-Infinity) UserTaskChain(on=true,p=50.0) Mob Defense(on=true,p=0.0) Death Menu Respawn Handling(on=true,p=-Infinity) Hand Stack Fix Chain(on=true,p=-Infinity) MLG Water Bucket Fall Chain(on=true,p=-Infinity) Unstuck Chain
  t=266s inGame=True hp=20.0 pos=-20.3,62.0,-270.5 items=6 busy=True d:pdEnter+442,mqStart+0,mqSteps+0,dbTick+441,rayMiss+441,leafCle+0
  TASK Description of current game pipeline that is selected: Current game tasks: Current Baritone executor task list (UserTaskChain task chain) | 1. Main task: <Beating the game (Miran version).> Priority: 400.00, Collecting resource: [[wooden_pickaxe]]
  RUNNER active=true | Chain: UserTaskChain, priority: 50.0 | Game Menu Chain(on=true,p=-Infinity) UserTaskChain(on=true,p=50.0) Mob Defense(on=true,p=0.0) Death Menu Respawn Handling(on=true,p=-Infinity) Hand Stack Fix Chain(on=true,p=-Infinity) MLG Water Bucket Fall Chain(on=true,p=-Infinity) Unstuck Chain
  t=288s inGame=True hp=20.0 pos=-20.7,62.1,-270.3 items=6 busy=True d:pdEnter+441,mqStart+0,mqSteps+0,dbTick+439,rayMiss+439,leafCle+0
  TASK Description of current game pipeline that is selected: Current game tasks: Current Baritone executor task list (UserTaskChain task chain) | 1. Main task: <Beating the game (Miran version).> Priority: 400.00, Collecting resource: [[wooden_pickaxe]] | 1.1. Subtasks: <Get catalogued: {[wooden_pickaxe]}: [[wooden_pickaxe]]>  |  -> | 1.1.0. <Doing stuff in crafting_table container: [[wooden_pickaxe]]>  |  -> | 1.1.1. <Doing stuff in crafting_table container>  |  -> | 1.1.2. <Collect Recipe Resources: {Recipe{minecraft:wooden_pickaxe}}> Getting planks x 3 |  -> | 1.1.3. <Crafting 3 planks [minecraft:acacia_planks, minecraft:birch_planks, minecraft:crimson_planks, minecraft:dark_oak_planks, minecraft:oak_planks, minecraft:jungle_planks, minecraft:spruce_planks, m... |  -> | 1.1.4. <Mine And Collect: [[acacia_log,birch_log,dark_oak_log,oak_log,jungle_log,spruce_log,acacia_wood,birch_wood,dark_oak_wood,oak_wood,jungle_wood,spruce_wood,stripped_acacia_log,stripped_birch_log,s... |  -> | 1.1.5. <Mining or Collecting> Trying out NEW pursuit |  -> | 1.1.6. <Destroy block at -17, 68, -275> Getting to block... |  -> | 1.1.7. <Getting to block class_2338{x=-17, y=68, z=-275}> Tungsten (primary) walking terrain...
  TARGET (-17,68,-275) is {'hardness': '2.00', 'replaceable': 'false', 'block': '‰Û·Ó‚ÓÂ ·Â‚ÌÓ', 'position': '-17, 68, -275', 'id': 'minecraft:oak_log', 'is_air': 'false'}
  RUNNER active=true | Chain: UserTaskChain, priority: 50.0 | Game Menu Chain(on=true,p=-Infinity) UserTaskChain(on=true,p=50.0) Mob Defense(on=true,p=0.0) Death Menu Respawn Handling(on=true,p=-Infinity) Hand Stack Fix Chain(on=true,p=-Infinity) MLG Water Bucket Fall Chain(on=true,p=-Infinity) Unstuck Chain
  t=310s inGame=True hp=20.0 pos=-20.4,62.0,-270.1 items=6 busy=True d:pdEnter+444,mqStart+0,mqSteps+0,dbTick+443,rayMiss+443,leafCle+0
  RUNNER active=true | Chain: UserTaskChain, priority: 50.0 | Game Menu Chain(on=true,p=-Infinity) UserTaskChain(on=true,p=50.0) Mob Defense(on=true,p=0.0) Death Menu Respawn Handling(on=true,p=-Infinity) Hand Stack Fix Chain(on=true,p=-Infinity) MLG Water Bucket Fall Chain(on=true,p=-Infinity) Unstuck Chain
  t=332s inGame=True hp=20.0 pos=-20.3,62.0,-270.4 items=6 busy=True d:pdEnter+440,mqStart+0,mqSteps+0,dbTick+438,rayMiss+438,leafCle+0
